file_path,file_type,purpose,generated_by,input_dependencies,last_modified,tracked_by_git,reproducible,notes
data_collection/configs/aau_sequence_lighting_review.yaml,CONFIG,Pipeline policy/configuration,MANUAL_SOURCE,NOT_DECLARED,2026-08-02T12:09:12,True,True,size_bytes=4474
data_collection/configs/active_dataset_sources.yaml,CONFIG,Pipeline policy/configuration,MANUAL_SOURCE,NOT_DECLARED,2026-07-31T10:22:49,True,True,size_bytes=1400
data_collection/configs/collection_conditions.yaml,CONFIG,Pipeline policy/configuration,MANUAL_SOURCE,NOT_DECLARED,2026-08-02T12:11:26,True,True,size_bytes=371
data_collection/configs/dataset_config.yaml,CONFIG,Pipeline policy/configuration,MANUAL_SOURCE,NOT_DECLARED,2026-07-29T09:26:44,True,True,size_bytes=396
data_collection/configs/demo_image_download.yaml,CONFIG,Pipeline policy/configuration,MANUAL_SOURCE,NOT_DECLARED,2026-07-29T11:36:35,True,True,size_bytes=384
data_collection/configs/external_eda_config.yaml,CONFIG,Pipeline policy/configuration,MANUAL_SOURCE,NOT_DECLARED,2026-08-01T15:41:54,True,True,size_bytes=1644
data_collection/configs/frame_extraction.yaml,CONFIG,Pipeline policy/configuration,MANUAL_SOURCE,NOT_DECLARED,2026-07-29T11:02:47,True,True,size_bytes=192
data_collection/configs/labeling_rules.yaml,CONFIG,Pipeline policy/configuration,MANUAL_SOURCE,NOT_DECLARED,2026-08-02T12:11:02,True,True,size_bytes=518
data_collection/configs/license_rules.yaml,CONFIG,Pipeline policy/configuration,MANUAL_SOURCE,NOT_DECLARED,2026-07-29T11:02:47,True,True,size_bytes=223
data_collection/configs/online_source_search.yaml,CONFIG,Pipeline policy/configuration,MANUAL_SOURCE,NOT_DECLARED,2026-07-29T11:02:47,True,True,size_bytes=433
data_collection/configs/sequence_road_types.yaml,CONFIG,Pipeline policy/configuration,MANUAL_SOURCE,NOT_DECLARED,2026-08-02T12:11:26,True,True,size_bytes=7892
data_collection/configs/split_policy.yaml,CONFIG,Pipeline policy/configuration,MANUAL_SOURCE,NOT_DECLARED,2026-08-02T12:11:26,True,True,size_bytes=2462
data_collection/configs/vehicle_class_mapping.yaml,CONFIG,Pipeline policy/configuration,MANUAL_SOURCE,NOT_DECLARED,2026-08-02T12:11:02,True,True,size_bytes=2001
data_collection/configs/video_quality_standard.yaml,CONFIG,Pipeline policy/configuration,MANUAL_SOURCE,NOT_DECLARED,2026-07-29T11:02:47,True,True,size_bytes=496
data_collection/scripts/analyze_external_bboxes.py,SOURCE_CODE,Executable or test source,MANUAL_SOURCE,NOT_DECLARED,2026-07-31T10:41:59,True,True,size_bytes=238
data_collection/scripts/analyze_external_image_quality.py,SOURCE_CODE,Executable or test source,MANUAL_SOURCE,NOT_DECLARED,2026-07-31T10:41:59,True,True,size_bytes=167
data_collection/scripts/analyze_scene_slices.py,SOURCE_CODE,Executable or test source,MANUAL_SOURCE,NOT_DECLARED,2026-08-01T15:36:00,True,True,size_bytes=5906
data_collection/scripts/analyze_viewpoint_suitability.py,SOURCE_CODE,Executable or test source,MANUAL_SOURCE,NOT_DECLARED,2026-07-31T10:48:07,True,True,size_bytes=6139
data_collection/scripts/audit_eda_independent.py,SOURCE_CODE,Executable or test source,MANUAL_SOURCE,NOT_DECLARED,2026-08-02T12:53:30,False,True,size_bytes=68656
data_collection/scripts/build_quality_audit.py,SOURCE_CODE,Executable or test source,MANUAL_SOURCE,NOT_DECLARED,2026-08-02T12:10:13,True,True,size_bytes=7814
data_collection/scripts/check_image_label_pairs.py,SOURCE_CODE,Executable or test source,MANUAL_SOURCE,NOT_DECLARED,2026-07-29T09:28:43,True,True,size_bytes=2178
data_collection/scripts/create_balanced_subset_plan.py,SOURCE_CODE,Executable or test source,MANUAL_SOURCE,NOT_DECLARED,2026-08-01T15:42:20,True,True,size_bytes=8526
data_collection/scripts/create_dataset_folders.py,SOURCE_CODE,Executable or test source,MANUAL_SOURCE,NOT_DECLARED,2026-07-29T09:29:17,True,True,size_bytes=2384
data_collection/scripts/create_external_contact_sheets.py,SOURCE_CODE,Executable or test source,MANUAL_SOURCE,NOT_DECLARED,2026-07-31T10:48:07,True,True,size_bytes=2462
data_collection/scripts/detect_duplicate_videos.py,SOURCE_CODE,Executable or test source,MANUAL_SOURCE,NOT_DECLARED,2026-07-29T11:05:34,True,True,size_bytes=1243
data_collection/scripts/detect_external_duplicates.py,SOURCE_CODE,Executable or test source,MANUAL_SOURCE,NOT_DECLARED,2026-07-31T10:52:22,True,True,size_bytes=3855
data_collection/scripts/detect_near_duplicate_frames.py,SOURCE_CODE,Executable or test source,MANUAL_SOURCE,NOT_DECLARED,2026-07-29T11:06:27,True,True,size_bytes=2230
data_collection/scripts/detect_sequence_leakage.py,SOURCE_CODE,Executable or test source,MANUAL_SOURCE,NOT_DECLARED,2026-07-31T10:48:07,True,True,size_bytes=1859
data_collection/scripts/discover_external_datasets.py,SOURCE_CODE,Executable or test source,MANUAL_SOURCE,NOT_DECLARED,2026-07-31T10:53:49,True,True,size_bytes=3946
data_collection/scripts/download_approved_sources.py,SOURCE_CODE,Executable or test source,MANUAL_SOURCE,NOT_DECLARED,2026-07-29T11:08:49,True,True,size_bytes=3305
data_collection/scripts/download_commons_demo_images.py,SOURCE_CODE,Executable or test source,MANUAL_SOURCE,NOT_DECLARED,2026-07-29T11:36:35,True,True,size_bytes=8875
data_collection/scripts/external_eda_common.py,SOURCE_CODE,Executable or test source,MANUAL_SOURCE,NOT_DECLARED,2026-08-02T12:09:12,True,True,size_bytes=10321
data_collection/scripts/extract_frames.py,SOURCE_CODE,Executable or test source,MANUAL_SOURCE,NOT_DECLARED,2026-07-29T11:05:34,True,True,size_bytes=2124
data_collection/scripts/generate_contact_sheet.py,SOURCE_CODE,Executable or test source,MANUAL_SOURCE,NOT_DECLARED,2026-07-29T11:06:27,True,True,size_bytes=1879
data_collection/scripts/generate_dataset_summary.py,SOURCE_CODE,Executable or test source,MANUAL_SOURCE,NOT_DECLARED,2026-07-29T09:28:43,True,True,size_bytes=2313
data_collection/scripts/generate_online_data_report.py,SOURCE_CODE,Executable or test source,MANUAL_SOURCE,NOT_DECLARED,2026-07-29T11:06:27,True,True,size_bytes=3413
data_collection/scripts/inspect_aau_rainsnow.py,SOURCE_CODE,Executable or test source,MANUAL_SOURCE,NOT_DECLARED,2026-08-02T12:09:12,True,True,size_bytes=14182
data_collection/scripts/inspect_mio_tcd.py,SOURCE_CODE,Executable or test source,MANUAL_SOURCE,NOT_DECLARED,2026-08-02T12:15:25,True,True,size_bytes=11608
data_collection/scripts/inspect_ua_detrac.py,SOURCE_CODE,Executable or test source,MANUAL_SOURCE,NOT_DECLARED,2026-08-02T12:10:13,True,True,size_bytes=22687
data_collection/scripts/inspect_videos.py,SOURCE_CODE,Executable or test source,MANUAL_SOURCE,NOT_DECLARED,2026-07-29T11:05:34,True,True,size_bytes=3804
data_collection/scripts/normalize_videos.py,SOURCE_CODE,Executable or test source,MANUAL_SOURCE,NOT_DECLARED,2026-07-29T11:08:49,True,True,size_bytes=2455
data_collection/scripts/online_common.py,SOURCE_CODE,Executable or test source,MANUAL_SOURCE,NOT_DECLARED,2026-07-29T11:07:42,True,True,size_bytes=2734
data_collection/scripts/propose_dataset_split.py,SOURCE_CODE,Executable or test source,MANUAL_SOURCE,NOT_DECLARED,2026-07-29T11:06:27,True,True,size_bytes=1245
data_collection/scripts/README.md,DOCUMENT,Documentation or generated narrative,MANUAL_DOCUMENT,NOT_DECLARED,2026-08-01T15:42:06,True,False,size_bytes=1879
data_collection/scripts/run_external_dataset_eda.py,SOURCE_CODE,Executable or test source,MANUAL_SOURCE,NOT_DECLARED,2026-08-02T12:18:40,True,True,size_bytes=65616
data_collection/scripts/run_online_data_pipeline.py,SOURCE_CODE,Executable or test source,MANUAL_SOURCE,NOT_DECLARED,2026-07-29T11:06:51,True,True,size_bytes=3079
data_collection/scripts/search_open_sources.py,SOURCE_CODE,Executable or test source,MANUAL_SOURCE,NOT_DECLARED,2026-07-29T11:04:39,True,True,size_bytes=1151
data_collection/scripts/sync_online_images_metadata.py,SOURCE_CODE,Executable or test source,MANUAL_SOURCE,NOT_DECLARED,2026-07-29T11:49:58,True,True,size_bytes=2414
data_collection/scripts/validate_external_annotations.py,SOURCE_CODE,Executable or test source,MANUAL_SOURCE,NOT_DECLARED,2026-07-31T10:41:59,True,True,size_bytes=129
data_collection/scripts/validate_metadata.py,SOURCE_CODE,Executable or test source,MANUAL_SOURCE,NOT_DECLARED,2026-07-29T09:28:43,True,True,size_bytes=2952
data_collection/scripts/validate_source_license.py,SOURCE_CODE,Executable or test source,MANUAL_SOURCE,NOT_DECLARED,2026-07-29T11:04:39,True,True,size_bytes=3005
data_collection/scripts/validate_split_policy.py,SOURCE_CODE,Executable or test source,MANUAL_SOURCE,NOT_DECLARED,2026-08-01T15:40:29,True,True,size_bytes=8818
data_collection/reports/aau_rainsnow_download_evidence.md,DOCUMENT,Documentation or generated narrative,MANUAL_DOCUMENT,NOT_DECLARED,2026-07-29T12:26:46,True,False,size_bytes=1595
data_collection/reports/active_dataset_selection.md,DOCUMENT,Documentation or generated narrative,MANUAL_DOCUMENT,NOT_DECLARED,2026-07-31T10:15:24,True,False,size_bytes=903
data_collection/reports/audit/aau_lighting_review_audit.csv,TABLE,"Metadata, plan, or generated report",REFERENCED_BY_SCRIPT,See source/config references,2026-08-02T12:39:34,False,True,size_bytes=9284
data_collection/reports/audit/AUDIT_EXECUTIVE_SUMMARY.md,DOCUMENT,Documentation or generated narrative,REFERENCED_BY_SCRIPT,See source/config references,2026-08-02T12:53:30,False,True,size_bytes=1746
data_collection/reports/audit/audit_findings.csv,TABLE,"Metadata, plan, or generated report",REFERENCED_BY_SCRIPT,See source/config references,2026-08-02T12:53:30,False,True,size_bytes=4192
data_collection/reports/audit/claim_verification.csv,TABLE,"Metadata, plan, or generated report",REFERENCED_BY_SCRIPT,See source/config references,2026-08-02T12:49:02,False,True,size_bytes=2823
data_collection/reports/audit/class_mapping_audit.csv,TABLE,"Metadata, plan, or generated report",REFERENCED_BY_SCRIPT,See source/config references,2026-08-02T12:39:34,False,True,size_bytes=2319
data_collection/reports/audit/dataset_count_reconciliation.csv,TABLE,"Metadata, plan, or generated report",REFERENCED_BY_SCRIPT,See source/config references,2026-08-02T12:39:34,False,True,size_bytes=440
data_collection/reports/audit/duplicate_cross_split_audit.csv,TABLE,"Metadata, plan, or generated report",REFERENCED_BY_SCRIPT,See source/config references,2026-08-02T12:39:34,False,True,size_bytes=221
data_collection/reports/audit/file_inventory.csv,TABLE,"Metadata, plan, or generated report",REFERENCED_BY_SCRIPT,See source/config references,2026-08-02T12:48:13,False,True,size_bytes=67781
data_collection/reports/audit/FULL_EDA_AUDIT_REPORT.md,DOCUMENT,Documentation or generated narrative,REFERENCED_BY_SCRIPT,See source/config references,2026-08-02T12:47:13,False,True,size_bytes=7821
data_collection/reports/audit/k230_backlit_audit.md,DOCUMENT,Documentation or generated narrative,REFERENCED_BY_SCRIPT,See source/config references,2026-08-02T12:39:35,False,True,size_bytes=881
data_collection/reports/audit/production_reproduction_audit.csv,TABLE,"Metadata, plan, or generated report",NO_GENERATOR_FOUND,NOT_DECLARED,2026-08-02T12:49:33,False,False,size_bytes=1328
data_collection/reports/audit/recommended_fix_plan.md,DOCUMENT,Documentation or generated narrative,REFERENCED_BY_SCRIPT,See source/config references,2026-08-02T12:53:38,False,True,size_bytes=5046
data_collection/reports/audit/report_consistency_audit.csv,TABLE,"Metadata, plan, or generated report",NO_GENERATOR_FOUND,NOT_DECLARED,2026-08-02T12:44:20,False,False,size_bytes=2377
data_collection/reports/audit/reproduction_commands.md,DOCUMENT,Documentation or generated narrative,REFERENCED_BY_SCRIPT,See source/config references,2026-08-02T12:47:43,False,True,size_bytes=1582
data_collection/reports/audit/reproduction_environment.md,DOCUMENT,Documentation or generated narrative,MANUAL_DOCUMENT,NOT_DECLARED,2026-08-02T12:53:52,False,False,size_bytes=2169
data_collection/reports/audit/sequence_leakage_audit.csv,TABLE,"Metadata, plan, or generated report",REFERENCED_BY_SCRIPT,See source/config references,2026-08-02T12:39:34,False,True,size_bytes=555
data_collection/reports/audit/test_quality_audit.md,DOCUMENT,Documentation or generated narrative,REFERENCED_BY_SCRIPT,See source/config references,2026-08-02T12:53:30,False,True,size_bytes=2894
data_collection/reports/audit/ua_bbox_clipping_audit.csv,TABLE,"Metadata, plan, or generated report",REFERENCED_BY_SCRIPT,See source/config references,2026-08-02T12:51:34,False,True,size_bytes=1389
data_collection/reports/audit/ua_others_review_audit.csv,TABLE,"Metadata, plan, or generated report",REFERENCED_BY_SCRIPT,See source/config references,2026-08-02T12:45:01,False,True,size_bytes=3134
data_collection/reports/audit_reproduction/.gitignore,OTHER,Repository artifact,NO_GENERATOR_FOUND,NOT_DECLARED,2026-08-02T12:45:46,False,False,size_bytes=203
data_collection/reports/audit_reproduction/contact_sheets/aau_lighting_audit_page_1.jpg,FIGURE,Generated visualization/evidence,NO_GENERATOR_FOUND,NOT_DECLARED,2026-08-02T12:36:40,False,False,size_bytes=366130
data_collection/reports/audit_reproduction/contact_sheets/aau_lighting_audit_page_2.jpg,FIGURE,Generated visualization/evidence,NO_GENERATOR_FOUND,NOT_DECLARED,2026-08-02T12:36:41,False,False,size_bytes=437566
data_collection/reports/audit_reproduction/contact_sheets/aau_lighting_audit_page_3.jpg,FIGURE,Generated visualization/evidence,NO_GENERATOR_FOUND,NOT_DECLARED,2026-08-02T12:36:41,False,False,size_bytes=408114
data_collection/reports/audit_reproduction/contact_sheets/aau_lighting_audit_page_4.jpg,FIGURE,Generated visualization/evidence,NO_GENERATOR_FOUND,NOT_DECLARED,2026-08-02T12:36:42,False,False,size_bytes=232115
data_collection/reports/audit_reproduction/contact_sheets/ua_others_audit.jpg,FIGURE,Generated visualization/evidence,REFERENCED_BY_SCRIPT,See source/config references,2026-08-02T12:39:17,False,True,size_bytes=629338
data_collection/reports/audit_reproduction/eda_sample_100/annotation_quality.csv,TABLE,"Metadata, plan, or generated report",REFERENCED_BY_SCRIPT,See source/config references,2026-08-02T12:48:47,False,True,size_bytes=1057
data_collection/reports/audit_reproduction/eda_sample_100/balanced_subset_plan.csv,TABLE,"Metadata, plan, or generated report",REFERENCED_BY_SCRIPT,See source/config references,2026-08-02T12:48:48,False,True,size_bytes=1494
data_collection/reports/audit_reproduction/eda_sample_100/bbox_boundary_clip_samples.csv,TABLE,"Metadata, plan, or generated report",REFERENCED_BY_SCRIPT,See source/config references,2026-08-02T12:48:48,False,True,size_bytes=203761
data_collection/reports/audit_reproduction/eda_sample_100/bbox_distribution_by_scene.csv,TABLE,"Metadata, plan, or generated report",REFERENCED_BY_SCRIPT,See source/config references,2026-08-02T12:48:48,False,True,size_bytes=7116
data_collection/reports/audit_reproduction/eda_sample_100/bbox_samples.csv,TABLE,"Metadata, plan, or generated report",REFERENCED_BY_SCRIPT,See source/config references,2026-08-02T12:48:48,False,True,size_bytes=23017036
data_collection/reports/audit_reproduction/eda_sample_100/bbox_statistics.csv,TABLE,"Metadata, plan, or generated report",REFERENCED_BY_SCRIPT,See source/config references,2026-08-02T12:48:47,False,True,size_bytes=801
data_collection/reports/audit_reproduction/eda_sample_100/cache/aau_rainsnow_sample_100.json,OTHER,Repository artifact,NO_GENERATOR_FOUND,NOT_DECLARED,2026-08-02T12:43:29,False,False,size_bytes=821769
data_collection/reports/audit_reproduction/eda_sample_100/cache/mio_tcd_sample_100.json,OTHER,Repository artifact,NO_GENERATOR_FOUND,NOT_DECLARED,2026-08-02T12:43:24,False,False,size_bytes=1902253
data_collection/reports/audit_reproduction/eda_sample_100/cache/ua_detrac_sample_100.json,OTHER,Repository artifact,NO_GENERATOR_FOUND,NOT_DECLARED,2026-08-02T12:43:56,False,False,size_bytes=65703422
data_collection/reports/audit_reproduction/eda_sample_100/class_distribution.csv,TABLE,"Metadata, plan, or generated report",REFERENCED_BY_SCRIPT,See source/config references,2026-08-02T12:48:48,False,True,size_bytes=2235
data_collection/reports/audit_reproduction/eda_sample_100/class_distribution_by_scene.csv,TABLE,"Metadata, plan, or generated report",REFERENCED_BY_SCRIPT,See source/config references,2026-08-02T12:48:48,False,True,size_bytes=4306
data_collection/reports/audit_reproduction/eda_sample_100/condition_distribution.csv,TABLE,"Metadata, plan, or generated report",REFERENCED_BY_SCRIPT,See source/config references,2026-08-02T12:48:48,False,True,size_bytes=770
data_collection/reports/audit_reproduction/eda_sample_100/contact_sheet_status.csv,TABLE,"Metadata, plan, or generated report",REFERENCED_BY_SCRIPT,See source/config references,2026-08-02T12:48:51,False,True,size_bytes=1096
data_collection/reports/audit_reproduction/eda_sample_100/cross_test_sequence_statistics.csv,TABLE,"Metadata, plan, or generated report",REFERENCED_BY_SCRIPT,See source/config references,2026-08-02T12:48:48,False,True,size_bytes=2311
data_collection/reports/audit_reproduction/eda_sample_100/daily_report_draft.md,DOCUMENT,Documentation or generated narrative,REFERENCED_BY_SCRIPT,See source/config references,2026-08-02T12:48:51,False,True,size_bytes=2538
data_collection/reports/audit_reproduction/eda_sample_100/dataset_comparison.csv,TABLE,"Metadata, plan, or generated report",REFERENCED_BY_SCRIPT,See source/config references,2026-08-02T12:48:47,False,True,size_bytes=2265
data_collection/reports/audit_reproduction/eda_sample_100/dataset_gap_analysis.csv,TABLE,"Metadata, plan, or generated report",REFERENCED_BY_SCRIPT,See source/config references,2026-08-02T12:48:48,False,True,size_bytes=7932
data_collection/reports/audit_reproduction/eda_sample_100/dataset_inventory.csv,TABLE,"Metadata, plan, or generated report",REFERENCED_BY_SCRIPT,See source/config references,2026-08-02T12:48:47,False,True,size_bytes=1400
data_collection/reports/audit_reproduction/eda_sample_100/duplicate_groups.csv,TABLE,"Metadata, plan, or generated report",REFERENCED_BY_SCRIPT,See source/config references,2026-08-02T12:48:48,False,True,size_bytes=18578
data_collection/reports/audit_reproduction/eda_sample_100/executive_summary.md,DOCUMENT,Documentation or generated narrative,REFERENCED_BY_SCRIPT,See source/config references,2026-08-02T12:48:51,False,True,size_bytes=1566
data_collection/reports/audit_reproduction/eda_sample_100/figures/01_images_by_dataset.png,FIGURE,Generated visualization/evidence,NO_GENERATOR_FOUND,NOT_DECLARED,2026-08-02T12:48:48,False,False,size_bytes=42087
data_collection/reports/audit_reproduction/eda_sample_100/figures/02_videos_sequences_by_dataset.png,FIGURE,Generated visualization/evidence,NO_GENERATOR_FOUND,NOT_DECLARED,2026-08-02T12:48:48,False,False,size_bytes=43526
data_collection/reports/audit_reproduction/eda_sample_100/figures/03_bboxes_by_dataset.png,FIGURE,Generated visualization/evidence,NO_GENERATOR_FOUND,NOT_DECLARED,2026-08-02T12:48:48,False,False,size_bytes=43325
data_collection/reports/audit_reproduction/eda_sample_100/figures/04_original_class_distribution.png,FIGURE,Generated visualization/evidence,NO_GENERATOR_FOUND,NOT_DECLARED,2026-08-02T12:48:48,False,False,size_bytes=85692
data_collection/reports/audit_reproduction/eda_sample_100/figures/05_mapped_class_distribution.png,FIGURE,Generated visualization/evidence,NO_GENERATOR_FOUND,NOT_DECLARED,2026-08-02T12:48:48,False,False,size_bytes=40831
data_collection/reports/audit_reproduction/eda_sample_100/figures/06_lighting_distribution.png,FIGURE,Generated visualization/evidence,NO_GENERATOR_FOUND,NOT_DECLARED,2026-08-02T12:48:48,False,False,size_bytes=30302
data_collection/reports/audit_reproduction/eda_sample_100/figures/07_weather_distribution.png,FIGURE,Generated visualization/evidence,NO_GENERATOR_FOUND,NOT_DECLARED,2026-08-02T12:48:48,False,False,size_bytes=52712
data_collection/reports/audit_reproduction/eda_sample_100/figures/08_brightness_distribution.png,FIGURE,Generated visualization/evidence,NO_GENERATOR_FOUND,NOT_DECLARED,2026-08-02T12:48:49,False,False,size_bytes=30467
data_collection/reports/audit_reproduction/eda_sample_100/figures/09_blur_distribution.png,FIGURE,Generated visualization/evidence,NO_GENERATOR_FOUND,NOT_DECLARED,2026-08-02T12:48:49,False,False,size_bytes=29766
data_collection/reports/audit_reproduction/eda_sample_100/figures/10_resolution_distribution.png,FIGURE,Generated visualization/evidence,NO_GENERATOR_FOUND,NOT_DECLARED,2026-08-02T12:48:49,False,False,size_bytes=34608
data_collection/reports/audit_reproduction/eda_sample_100/figures/11_bbox_area_ratio.png,FIGURE,Generated visualization/evidence,NO_GENERATOR_FOUND,NOT_DECLARED,2026-08-02T12:48:49,False,False,size_bytes=32276
data_collection/reports/audit_reproduction/eda_sample_100/figures/12_bbox_width_320.png,FIGURE,Generated visualization/evidence,NO_GENERATOR_FOUND,NOT_DECLARED,2026-08-02T12:48:49,False,False,size_bytes=30094
data_collection/reports/audit_reproduction/eda_sample_100/figures/13_bbox_height_320.png,FIGURE,Generated visualization/evidence,NO_GENERATOR_FOUND,NOT_DECLARED,2026-08-02T12:48:49,False,False,size_bytes=32073
data_collection/reports/audit_reproduction/eda_sample_100/figures/14_bbox_320_categories.png,FIGURE,Generated visualization/evidence,NO_GENERATOR_FOUND,NOT_DECLARED,2026-08-02T12:48:49,False,False,size_bytes=39895
data_collection/reports/audit_reproduction/eda_sample_100/figures/15_boxes_per_image.png,FIGURE,Generated visualization/evidence,NO_GENERATOR_FOUND,NOT_DECLARED,2026-08-02T12:48:50,False,False,size_bytes=32847
data_collection/reports/audit_reproduction/eda_sample_100/figures/16_ua_occlusion.png,FIGURE,Generated visualization/evidence,NO_GENERATOR_FOUND,NOT_DECLARED,2026-08-02T12:48:50,False,False,size_bytes=30934
data_collection/reports/audit_reproduction/eda_sample_100/figures/17_ua_truncation.png,FIGURE,Generated visualization/evidence,NO_GENERATOR_FOUND,NOT_DECLARED,2026-08-02T12:48:50,False,False,size_bytes=31703
data_collection/reports/audit_reproduction/eda_sample_100/figures/18_viewpoint_score.png,FIGURE,Generated visualization/evidence,NO_GENERATOR_FOUND,NOT_DECLARED,2026-08-02T12:48:50,False,False,size_bytes=39276
data_collection/reports/audit_reproduction/eda_sample_100/figures/19_selection_ratio.png,FIGURE,Generated visualization/evidence,NO_GENERATOR_FOUND,NOT_DECLARED,2026-08-02T12:48:50,False,False,size_bytes=46677
data_collection/reports/audit_reproduction/eda_sample_100/figures/20_data_gaps.png,FIGURE,Generated visualization/evidence,NO_GENERATOR_FOUND,NOT_DECLARED,2026-08-02T12:48:50,False,False,size_bytes=35277
data_collection/reports/audit_reproduction/eda_sample_100/figures/21_cross_test_bbox_difficulty.png,FIGURE,Generated visualization/evidence,REFERENCED_BY_SCRIPT,See source/config references,2026-08-02T12:48:50,False,True,size_bytes=49645
data_collection/reports/audit_reproduction/eda_sample_100/figures/22_quality_issue_counts.png,FIGURE,Generated visualization/evidence,REFERENCED_BY_SCRIPT,See source/config references,2026-08-02T12:48:50,False,True,size_bytes=45448
data_collection/reports/audit_reproduction/eda_sample_100/figures/23_split_sequence_distribution.png,FIGURE,Generated visualization/evidence,REFERENCED_BY_SCRIPT,See source/config references,2026-08-02T12:48:51,False,True,size_bytes=47755
data_collection/reports/audit_reproduction/eda_sample_100/image_quality.csv,TABLE,"Metadata, plan, or generated report",REFERENCED_BY_SCRIPT,See source/config references,2026-08-02T12:48:47,False,True,size_bytes=713
data_collection/reports/audit_reproduction/eda_sample_100/image_quality_samples.csv,TABLE,"Metadata, plan, or generated report",REFERENCED_BY_SCRIPT,See source/config references,2026-08-02T12:48:47,False,True,size_bytes=69778
data_collection/reports/audit_reproduction/eda_sample_100/invalid_annotations.csv,TABLE,"Metadata, plan, or generated report",REFERENCED_BY_SCRIPT,See source/config references,2026-08-02T12:48:48,False,True,size_bytes=205912
data_collection/reports/audit_reproduction/eda_sample_100/k230_holdout_plan.csv,TABLE,"Metadata, plan, or generated report",REFERENCED_BY_SCRIPT,See source/config references,2026-08-02T12:48:48,False,True,size_bytes=1327
data_collection/reports/audit_reproduction/eda_sample_100/label_consistency_audit.csv,TABLE,"Metadata, plan, or generated report",REFERENCED_BY_SCRIPT,See source/config references,2026-08-02T12:48:48,False,True,size_bytes=1766
data_collection/reports/audit_reproduction/eda_sample_100/pipeline_errors.log,OTHER,Repository artifact,NO_GENERATOR_FOUND,NOT_DECLARED,2026-08-02T12:43:01,False,False,size_bytes=4252
data_collection/reports/audit_reproduction/eda_sample_100/quality_audit_summary.csv,TABLE,"Metadata, plan, or generated report",REFERENCED_BY_SCRIPT,See source/config references,2026-08-02T12:48:48,False,True,size_bytes=987
data_collection/reports/audit_reproduction/eda_sample_100/quality_review_queue.csv,TABLE,"Metadata, plan, or generated report",REFERENCED_BY_SCRIPT,See source/config references,2026-08-02T12:48:48,False,True,size_bytes=924
data_collection/reports/audit_reproduction/eda_sample_100/research_findings.md,DOCUMENT,Documentation or generated narrative,REFERENCED_BY_SCRIPT,See source/config references,2026-08-02T12:48:51,False,True,size_bytes=5271
data_collection/reports/audit_reproduction/eda_sample_100/road_type_distribution.csv,TABLE,"Metadata, plan, or generated report",REFERENCED_BY_SCRIPT,See source/config references,2026-08-02T12:48:48,False,True,size_bytes=637
data_collection/reports/audit_reproduction/eda_sample_100/scene_metadata_distribution.csv,TABLE,"Metadata, plan, or generated report",REFERENCED_BY_SCRIPT,See source/config references,2026-08-02T12:48:48,False,True,size_bytes=2688
data_collection/reports/audit_reproduction/eda_sample_100/selected_data_manifest.csv,TABLE,"Metadata, plan, or generated report",REFERENCED_BY_SCRIPT,See source/config references,2026-08-02T12:48:48,False,True,size_bytes=791012
data_collection/reports/audit_reproduction/eda_sample_100/sequence_leakage.csv,TABLE,"Metadata, plan, or generated report",REFERENCED_BY_SCRIPT,See source/config references,2026-08-02T12:48:48,False,True,size_bytes=99
data_collection/reports/audit_reproduction/eda_sample_100/sequence_scene_metadata.csv,TABLE,"Metadata, plan, or generated report",REFERENCED_BY_SCRIPT,See source/config references,2026-08-02T12:48:48,False,True,size_bytes=4191
data_collection/reports/audit_reproduction/eda_sample_100/split_distribution.csv,TABLE,"Metadata, plan, or generated report",REFERENCED_BY_SCRIPT,See source/config references,2026-08-02T12:48:48,False,True,size_bytes=954
data_collection/reports/audit_reproduction/eda_sample_100/split_proposal.csv,TABLE,"Metadata, plan, or generated report",REFERENCED_BY_SCRIPT,See source/config references,2026-08-02T12:48:48,False,True,size_bytes=47598
data_collection/reports/audit_reproduction/eda_sample_100/split_validation_summary.csv,TABLE,"Metadata, plan, or generated report",REFERENCED_BY_SCRIPT,See source/config references,2026-08-02T12:48:48,False,True,size_bytes=1244
data_collection/reports/audit_reproduction/eda_sample_100/stationary_candidates.csv,TABLE,"Metadata, plan, or generated report",REFERENCED_BY_SCRIPT,See source/config references,2026-08-02T12:48:48,False,True,size_bytes=3912
data_collection/reports/audit_reproduction/eda_sample_100/viewpoint_suitability.csv,TABLE,"Metadata, plan, or generated report",REFERENCED_BY_SCRIPT,See source/config references,2026-08-02T12:48:48,False,True,size_bytes=46850
data_collection/reports/audit_reproduction/eda_sample_5000/annotation_quality.csv,TABLE,"Metadata, plan, or generated report",REFERENCED_BY_SCRIPT,See source/config references,2026-08-02T12:48:32,False,True,size_bytes=1063
data_collection/reports/audit_reproduction/eda_sample_5000/balanced_subset_plan.csv,TABLE,"Metadata, plan, or generated report",REFERENCED_BY_SCRIPT,See source/config references,2026-08-02T12:48:33,False,True,size_bytes=1492
data_collection/reports/audit_reproduction/eda_sample_5000/bbox_boundary_clip_samples.csv,TABLE,"Metadata, plan, or generated report",REFERENCED_BY_SCRIPT,See source/config references,2026-08-02T12:48:33,False,True,size_bytes=203761
data_collection/reports/audit_reproduction/eda_sample_5000/bbox_distribution_by_scene.csv,TABLE,"Metadata, plan, or generated report",REFERENCED_BY_SCRIPT,See source/config references,2026-08-02T12:48:33,False,True,size_bytes=7759
data_collection/reports/audit_reproduction/eda_sample_5000/bbox_samples.csv,TABLE,"Metadata, plan, or generated report",REFERENCED_BY_SCRIPT,See source/config references,2026-08-02T12:48:33,False,True,size_bytes=27867077
data_collection/reports/audit_reproduction/eda_sample_5000/bbox_statistics.csv,TABLE,"Metadata, plan, or generated report",REFERENCED_BY_SCRIPT,See source/config references,2026-08-02T12:48:32,False,True,size_bytes=817
data_collection/reports/audit_reproduction/eda_sample_5000/cache/aau_rainsnow_sample_5000.json,OTHER,Repository artifact,NO_GENERATOR_FOUND,NOT_DECLARED,2026-08-02T12:46:41,False,False,size_bytes=7117385
data_collection/reports/audit_reproduction/eda_sample_5000/cache/mio_tcd_sample_5000.json,OTHER,Repository artifact,NO_GENERATOR_FOUND,NOT_DECLARED,2026-08-02T12:46:18,False,False,size_bytes=13267470
data_collection/reports/audit_reproduction/eda_sample_5000/cache/ua_detrac_sample_5000.json,OTHER,Repository artifact,NO_GENERATOR_FOUND,NOT_DECLARED,2026-08-02T12:47:53,False,False,size_bytes=70371665
data_collection/reports/audit_reproduction/eda_sample_5000/class_distribution.csv,TABLE,"Metadata, plan, or generated report",REFERENCED_BY_SCRIPT,See source/config references,2026-08-02T12:48:33,False,True,size_bytes=2235
data_collection/reports/audit_reproduction/eda_sample_5000/class_distribution_by_scene.csv,TABLE,"Metadata, plan, or generated report",REFERENCED_BY_SCRIPT,See source/config references,2026-08-02T12:48:33,False,True,size_bytes=4932
data_collection/reports/audit_reproduction/eda_sample_5000/condition_distribution.csv,TABLE,"Metadata, plan, or generated report",REFERENCED_BY_SCRIPT,See source/config references,2026-08-02T12:48:33,False,True,size_bytes=770
data_collection/reports/audit_reproduction/eda_sample_5000/contact_sheet_status.csv,TABLE,"Metadata, plan, or generated report",REFERENCED_BY_SCRIPT,See source/config references,2026-08-02T12:48:36,False,True,size_bytes=1096
data_collection/reports/audit_reproduction/eda_sample_5000/cross_test_sequence_statistics.csv,TABLE,"Metadata, plan, or generated report",REFERENCED_BY_SCRIPT,See source/config references,2026-08-02T12:48:33,False,True,size_bytes=2334
data_collection/reports/audit_reproduction/eda_sample_5000/daily_report_draft.md,DOCUMENT,Documentation or generated narrative,REFERENCED_BY_SCRIPT,See source/config references,2026-08-02T12:48:36,False,True,size_bytes=2545
data_collection/reports/audit_reproduction/eda_sample_5000/dataset_comparison.csv,TABLE,"Metadata, plan, or generated report",REFERENCED_BY_SCRIPT,See source/config references,2026-08-02T12:48:32,False,True,size_bytes=2266
data_collection/reports/audit_reproduction/eda_sample_5000/dataset_gap_analysis.csv,TABLE,"Metadata, plan, or generated report",REFERENCED_BY_SCRIPT,See source/config references,2026-08-02T12:48:33,False,True,size_bytes=7932
data_collection/reports/audit_reproduction/eda_sample_5000/dataset_inventory.csv,TABLE,"Metadata, plan, or generated report",REFERENCED_BY_SCRIPT,See source/config references,2026-08-02T12:48:32,False,True,size_bytes=1410
data_collection/reports/audit_reproduction/eda_sample_5000/duplicate_groups.csv,TABLE,"Metadata, plan, or generated report",REFERENCED_BY_SCRIPT,See source/config references,2026-08-02T12:48:33,False,True,size_bytes=1284288
data_collection/reports/audit_reproduction/eda_sample_5000/executive_summary.md,DOCUMENT,Documentation or generated narrative,REFERENCED_BY_SCRIPT,See source/config references,2026-08-02T12:48:36,False,True,size_bytes=1572
data_collection/reports/audit_reproduction/eda_sample_5000/figures/01_images_by_dataset.png,FIGURE,Generated visualization/evidence,NO_GENERATOR_FOUND,NOT_DECLARED,2026-08-02T12:48:33,False,False,size_bytes=42087
data_collection/reports/audit_reproduction/eda_sample_5000/figures/02_videos_sequences_by_dataset.png,FIGURE,Generated visualization/evidence,NO_GENERATOR_FOUND,NOT_DECLARED,2026-08-02T12:48:33,False,False,size_bytes=43526
data_collection/reports/audit_reproduction/eda_sample_5000/figures/03_bboxes_by_dataset.png,FIGURE,Generated visualization/evidence,NO_GENERATOR_FOUND,NOT_DECLARED,2026-08-02T12:48:33,False,False,size_bytes=43325
data_collection/reports/audit_reproduction/eda_sample_5000/figures/04_original_class_distribution.png,FIGURE,Generated visualization/evidence,NO_GENERATOR_FOUND,NOT_DECLARED,2026-08-02T12:48:33,False,False,size_bytes=85692
data_collection/reports/audit_reproduction/eda_sample_5000/figures/05_mapped_class_distribution.png,FIGURE,Generated visualization/evidence,NO_GENERATOR_FOUND,NOT_DECLARED,2026-08-02T12:48:33,False,False,size_bytes=40831
data_collection/reports/audit_reproduction/eda_sample_5000/figures/06_lighting_distribution.png,FIGURE,Generated visualization/evidence,NO_GENERATOR_FOUND,NOT_DECLARED,2026-08-02T12:48:34,False,False,size_bytes=30302
data_collection/reports/audit_reproduction/eda_sample_5000/figures/07_weather_distribution.png,FIGURE,Generated visualization/evidence,NO_GENERATOR_FOUND,NOT_DECLARED,2026-08-02T12:48:34,False,False,size_bytes=52712
data_collection/reports/audit_reproduction/eda_sample_5000/figures/08_brightness_distribution.png,FIGURE,Generated visualization/evidence,NO_GENERATOR_FOUND,NOT_DECLARED,2026-08-02T12:48:34,False,False,size_bytes=33723
data_collection/reports/audit_reproduction/eda_sample_5000/figures/09_blur_distribution.png,FIGURE,Generated visualization/evidence,NO_GENERATOR_FOUND,NOT_DECLARED,2026-08-02T12:48:34,False,False,size_bytes=33004
data_collection/reports/audit_reproduction/eda_sample_5000/figures/10_resolution_distribution.png,FIGURE,Generated visualization/evidence,NO_GENERATOR_FOUND,NOT_DECLARED,2026-08-02T12:48:34,False,False,size_bytes=34792
data_collection/reports/audit_reproduction/eda_sample_5000/figures/11_bbox_area_ratio.png,FIGURE,Generated visualization/evidence,NO_GENERATOR_FOUND,NOT_DECLARED,2026-08-02T12:48:34,False,False,size_bytes=31248
data_collection/reports/audit_reproduction/eda_sample_5000/figures/12_bbox_width_320.png,FIGURE,Generated visualization/evidence,NO_GENERATOR_FOUND,NOT_DECLARED,2026-08-02T12:48:34,False,False,size_bytes=31541
data_collection/reports/audit_reproduction/eda_sample_5000/figures/13_bbox_height_320.png,FIGURE,Generated visualization/evidence,NO_GENERATOR_FOUND,NOT_DECLARED,2026-08-02T12:48:35,False,False,size_bytes=30931
data_collection/reports/audit_reproduction/eda_sample_5000/figures/14_bbox_320_categories.png,FIGURE,Generated visualization/evidence,NO_GENERATOR_FOUND,NOT_DECLARED,2026-08-02T12:48:35,False,False,size_bytes=40974
data_collection/reports/audit_reproduction/eda_sample_5000/figures/15_boxes_per_image.png,FIGURE,Generated visualization/evidence,NO_GENERATOR_FOUND,NOT_DECLARED,2026-08-02T12:48:35,False,False,size_bytes=32847
data_collection/reports/audit_reproduction/eda_sample_5000/figures/16_ua_occlusion.png,FIGURE,Generated visualization/evidence,NO_GENERATOR_FOUND,NOT_DECLARED,2026-08-02T12:48:35,False,False,size_bytes=30934
data_collection/reports/audit_reproduction/eda_sample_5000/figures/17_ua_truncation.png,FIGURE,Generated visualization/evidence,NO_GENERATOR_FOUND,NOT_DECLARED,2026-08-02T12:48:35,False,False,size_bytes=31703
data_collection/reports/audit_reproduction/eda_sample_5000/figures/18_viewpoint_score.png,FIGURE,Generated visualization/evidence,NO_GENERATOR_FOUND,NOT_DECLARED,2026-08-02T12:48:35,False,False,size_bytes=39276
data_collection/reports/audit_reproduction/eda_sample_5000/figures/19_selection_ratio.png,FIGURE,Generated visualization/evidence,NO_GENERATOR_FOUND,NOT_DECLARED,2026-08-02T12:48:35,False,False,size_bytes=46773
data_collection/reports/audit_reproduction/eda_sample_5000/figures/20_data_gaps.png,FIGURE,Generated visualization/evidence,NO_GENERATOR_FOUND,NOT_DECLARED,2026-08-02T12:48:36,False,False,size_bytes=35277
data_collection/reports/audit_reproduction/eda_sample_5000/figures/21_cross_test_bbox_difficulty.png,FIGURE,Generated visualization/evidence,REFERENCED_BY_SCRIPT,See source/config references,2026-08-02T12:48:36,False,True,size_bytes=50702
data_collection/reports/audit_reproduction/eda_sample_5000/figures/22_quality_issue_counts.png,FIGURE,Generated visualization/evidence,REFERENCED_BY_SCRIPT,See source/config references,2026-08-02T12:48:36,False,True,size_bytes=45689
data_collection/reports/audit_reproduction/eda_sample_5000/figures/23_split_sequence_distribution.png,FIGURE,Generated visualization/evidence,REFERENCED_BY_SCRIPT,See source/config references,2026-08-02T12:48:36,False,True,size_bytes=47755
data_collection/reports/audit_reproduction/eda_sample_5000/image_quality.csv,TABLE,"Metadata, plan, or generated report",REFERENCED_BY_SCRIPT,See source/config references,2026-08-02T12:48:32,False,True,size_bytes=725
data_collection/reports/audit_reproduction/eda_sample_5000/image_quality_samples.csv,TABLE,"Metadata, plan, or generated report",REFERENCED_BY_SCRIPT,See source/config references,2026-08-02T12:48:32,False,True,size_bytes=2864360
data_collection/reports/audit_reproduction/eda_sample_5000/invalid_annotations.csv,TABLE,"Metadata, plan, or generated report",REFERENCED_BY_SCRIPT,See source/config references,2026-08-02T12:48:33,False,True,size_bytes=205912
data_collection/reports/audit_reproduction/eda_sample_5000/k230_holdout_plan.csv,TABLE,"Metadata, plan, or generated report",REFERENCED_BY_SCRIPT,See source/config references,2026-08-02T12:48:33,False,True,size_bytes=1327
data_collection/reports/audit_reproduction/eda_sample_5000/label_consistency_audit.csv,TABLE,"Metadata, plan, or generated report",REFERENCED_BY_SCRIPT,See source/config references,2026-08-02T12:48:33,False,True,size_bytes=1790
data_collection/reports/audit_reproduction/eda_sample_5000/quality_audit_summary.csv,TABLE,"Metadata, plan, or generated report",REFERENCED_BY_SCRIPT,See source/config references,2026-08-02T12:48:33,False,True,size_bytes=1003
data_collection/reports/audit_reproduction/eda_sample_5000/quality_review_queue.csv,TABLE,"Metadata, plan, or generated report",REFERENCED_BY_SCRIPT,See source/config references,2026-08-02T12:48:33,False,True,size_bytes=1262
data_collection/reports/audit_reproduction/eda_sample_5000/research_findings.md,DOCUMENT,Documentation or generated narrative,REFERENCED_BY_SCRIPT,See source/config references,2026-08-02T12:48:36,False,True,size_bytes=5275
data_collection/reports/audit_reproduction/eda_sample_5000/road_type_distribution.csv,TABLE,"Metadata, plan, or generated report",REFERENCED_BY_SCRIPT,See source/config references,2026-08-02T12:48:33,False,True,size_bytes=637
data_collection/reports/audit_reproduction/eda_sample_5000/scene_metadata_distribution.csv,TABLE,"Metadata, plan, or generated report",REFERENCED_BY_SCRIPT,See source/config references,2026-08-02T12:48:33,False,True,size_bytes=2688
data_collection/reports/audit_reproduction/eda_sample_5000/selected_data_manifest.csv,TABLE,"Metadata, plan, or generated report",REFERENCED_BY_SCRIPT,See source/config references,2026-08-02T12:48:33,False,True,size_bytes=1747933
data_collection/reports/audit_reproduction/eda_sample_5000/sequence_leakage.csv,TABLE,"Metadata, plan, or generated report",REFERENCED_BY_SCRIPT,See source/config references,2026-08-02T12:48:33,False,True,size_bytes=99
data_collection/reports/audit_reproduction/eda_sample_5000/sequence_scene_metadata.csv,TABLE,"Metadata, plan, or generated report",REFERENCED_BY_SCRIPT,See source/config references,2026-08-02T12:48:33,False,True,size_bytes=4191
data_collection/reports/audit_reproduction/eda_sample_5000/split_distribution.csv,TABLE,"Metadata, plan, or generated report",REFERENCED_BY_SCRIPT,See source/config references,2026-08-02T12:48:33,False,True,size_bytes=956
data_collection/reports/audit_reproduction/eda_sample_5000/split_proposal.csv,TABLE,"Metadata, plan, or generated report",REFERENCED_BY_SCRIPT,See source/config references,2026-08-02T12:48:33,False,True,size_bytes=47598
data_collection/reports/audit_reproduction/eda_sample_5000/split_validation_summary.csv,TABLE,"Metadata, plan, or generated report",REFERENCED_BY_SCRIPT,See source/config references,2026-08-02T12:48:33,False,True,size_bytes=1244
data_collection/reports/audit_reproduction/eda_sample_5000/stationary_candidates.csv,TABLE,"Metadata, plan, or generated report",REFERENCED_BY_SCRIPT,See source/config references,2026-08-02T12:48:33,False,True,size_bytes=3912
data_collection/reports/audit_reproduction/eda_sample_5000/viewpoint_suitability.csv,TABLE,"Metadata, plan, or generated report",REFERENCED_BY_SCRIPT,See source/config references,2026-08-02T12:48:33,False,True,size_bytes=46850
data_collection/reports/audit_reproduction/independent_audit_stderr.log,OTHER,Repository artifact,NO_GENERATOR_FOUND,NOT_DECLARED,2026-08-02T12:34:55,False,False,size_bytes=0
data_collection/reports/audit_reproduction/independent_audit_stdout.log,OTHER,Repository artifact,NO_GENERATOR_FOUND,NOT_DECLARED,2026-08-02T12:39:35,False,False,size_bytes=658
data_collection/reports/audit_reproduction/independent_raw_audit.json,OTHER,Repository artifact,NO_GENERATOR_FOUND,NOT_DECLARED,2026-08-02T12:39:35,False,False,size_bytes=5430
data_collection/reports/audit_reproduction/performance.csv,TABLE,"Metadata, plan, or generated report",REFERENCED_BY_SCRIPT,See source/config references,2026-08-02T12:39:35,False,True,size_bytes=119
data_collection/reports/external_eda/annotation_quality.csv,TABLE,"Metadata, plan, or generated report",run_external_dataset_eda.py,See source/config references,2026-08-02T12:16:25,True,True,size_bytes=1063
data_collection/reports/external_eda/balanced_subset_plan.csv,TABLE,"Metadata, plan, or generated report",run_external_dataset_eda.py,See source/config references,2026-08-02T12:16:26,True,True,size_bytes=1492
data_collection/reports/external_eda/bbox_boundary_clip_samples.csv,TABLE,"Metadata, plan, or generated report",run_external_dataset_eda.py,See source/config references,2026-08-02T12:16:26,False,True,size_bytes=203761
data_collection/reports/external_eda/bbox_distribution_by_scene.csv,TABLE,"Metadata, plan, or generated report",run_external_dataset_eda.py,See source/config references,2026-08-02T12:16:27,True,True,size_bytes=7759
data_collection/reports/external_eda/bbox_samples.csv,TABLE,"Metadata, plan, or generated report",run_external_dataset_eda.py,See source/config references,2026-08-02T12:16:26,False,True,size_bytes=27867077
data_collection/reports/external_eda/bbox_statistics.csv,TABLE,"Metadata, plan, or generated report",run_external_dataset_eda.py,See source/config references,2026-08-02T12:16:25,True,True,size_bytes=817
data_collection/reports/external_eda/cache/aau_rainsnow_sample_5000.json,OTHER,Repository artifact,NO_GENERATOR_FOUND,NOT_DECLARED,2026-08-02T12:13:44,False,False,size_bytes=7117385
data_collection/reports/external_eda/cache/mio_tcd_sample_5000.json,OTHER,Repository artifact,NO_GENERATOR_FOUND,NOT_DECLARED,2026-08-02T12:16:24,False,False,size_bytes=13267470
data_collection/reports/external_eda/cache/ua_detrac_sample_5000.json,OTHER,Repository artifact,NO_GENERATOR_FOUND,NOT_DECLARED,2026-08-02T12:14:54,False,False,size_bytes=70371665
data_collection/reports/external_eda/class_distribution.csv,TABLE,"Metadata, plan, or generated report",run_external_dataset_eda.py,See source/config references,2026-08-02T12:16:26,True,True,size_bytes=2235
data_collection/reports/external_eda/class_distribution_by_scene.csv,TABLE,"Metadata, plan, or generated report",run_external_dataset_eda.py,See source/config references,2026-08-02T12:16:27,True,True,size_bytes=4932
data_collection/reports/external_eda/condition_distribution.csv,TABLE,"Metadata, plan, or generated report",run_external_dataset_eda.py,See source/config references,2026-08-02T12:16:26,True,True,size_bytes=770
data_collection/reports/external_eda/contact_sheet_status.csv,TABLE,"Metadata, plan, or generated report",run_external_dataset_eda.py,See source/config references,2026-08-02T12:16:29,True,True,size_bytes=1096
data_collection/reports/external_eda/cross_test_sequence_statistics.csv,TABLE,"Metadata, plan, or generated report",run_external_dataset_eda.py,See source/config references,2026-08-02T12:16:27,True,True,size_bytes=2334
data_collection/reports/external_eda/daily_report_draft.md,DOCUMENT,Documentation or generated narrative,run_external_dataset_eda.py,See source/config references,2026-08-02T12:18:40,True,True,size_bytes=2544
data_collection/reports/external_eda/dataset_comparison.csv,TABLE,"Metadata, plan, or generated report",run_external_dataset_eda.py,See source/config references,2026-08-02T12:16:25,True,True,size_bytes=2266
data_collection/reports/external_eda/dataset_gap_analysis.csv,TABLE,"Metadata, plan, or generated report",run_external_dataset_eda.py,See source/config references,2026-08-02T12:16:26,True,True,size_bytes=7932
data_collection/reports/external_eda/dataset_inventory.csv,TABLE,"Metadata, plan, or generated report",run_external_dataset_eda.py,See source/config references,2026-08-02T12:16:25,True,True,size_bytes=1410
data_collection/reports/external_eda/duplicate_groups.csv,TABLE,"Metadata, plan, or generated report",run_external_dataset_eda.py,See source/config references,2026-08-02T12:16:26,False,True,size_bytes=1284288
data_collection/reports/external_eda/evaluation_slice_readiness.csv,TABLE,"Metadata, plan, or generated report",MANUAL_REVIEW_OR_POLICY,NOT_DECLARED,2026-08-02T12:11:26,True,False,size_bytes=821
data_collection/reports/external_eda/executive_summary.md,DOCUMENT,Documentation or generated narrative,run_external_dataset_eda.py,See source/config references,2026-08-02T12:16:29,True,True,size_bytes=1572
data_collection/reports/external_eda/figures/01_images_by_dataset.png,FIGURE,Generated visualization/evidence,run_external_dataset_eda.py:_figures/_audit_figures,See source/config references,2026-08-02T12:16:27,True,True,size_bytes=42087
data_collection/reports/external_eda/figures/02_videos_sequences_by_dataset.png,FIGURE,Generated visualization/evidence,run_external_dataset_eda.py:_figures/_audit_figures,See source/config references,2026-08-02T12:16:27,True,True,size_bytes=43526
data_collection/reports/external_eda/figures/03_bboxes_by_dataset.png,FIGURE,Generated visualization/evidence,run_external_dataset_eda.py:_figures/_audit_figures,See source/config references,2026-08-02T12:16:27,True,True,size_bytes=43325
data_collection/reports/external_eda/figures/04_original_class_distribution.png,FIGURE,Generated visualization/evidence,run_external_dataset_eda.py:_figures/_audit_figures,See source/config references,2026-08-02T12:16:27,True,True,size_bytes=85692
data_collection/reports/external_eda/figures/05_mapped_class_distribution.png,FIGURE,Generated visualization/evidence,run_external_dataset_eda.py:_figures/_audit_figures,See source/config references,2026-08-02T12:16:27,True,True,size_bytes=40831
data_collection/reports/external_eda/figures/06_lighting_distribution.png,FIGURE,Generated visualization/evidence,run_external_dataset_eda.py:_figures/_audit_figures,See source/config references,2026-08-02T12:16:27,True,True,size_bytes=30302
data_collection/reports/external_eda/figures/07_weather_distribution.png,FIGURE,Generated visualization/evidence,run_external_dataset_eda.py:_figures/_audit_figures,See source/config references,2026-08-02T12:16:27,True,True,size_bytes=52712
data_collection/reports/external_eda/figures/08_brightness_distribution.png,FIGURE,Generated visualization/evidence,run_external_dataset_eda.py:_figures/_audit_figures,See source/config references,2026-08-02T12:16:27,True,True,size_bytes=33723
data_collection/reports/external_eda/figures/09_blur_distribution.png,FIGURE,Generated visualization/evidence,run_external_dataset_eda.py:_figures/_audit_figures,See source/config references,2026-08-02T12:16:27,True,True,size_bytes=33004
data_collection/reports/external_eda/figures/10_resolution_distribution.png,FIGURE,Generated visualization/evidence,run_external_dataset_eda.py:_figures/_audit_figures,See source/config references,2026-08-02T12:16:27,True,True,size_bytes=34792
data_collection/reports/external_eda/figures/11_bbox_area_ratio.png,FIGURE,Generated visualization/evidence,run_external_dataset_eda.py:_figures/_audit_figures,See source/config references,2026-08-02T12:16:28,True,True,size_bytes=31248
data_collection/reports/external_eda/figures/12_bbox_width_320.png,FIGURE,Generated visualization/evidence,run_external_dataset_eda.py:_figures/_audit_figures,See source/config references,2026-08-02T12:16:28,True,True,size_bytes=31541
data_collection/reports/external_eda/figures/13_bbox_height_320.png,FIGURE,Generated visualization/evidence,run_external_dataset_eda.py:_figures/_audit_figures,See source/config references,2026-08-02T12:16:28,True,True,size_bytes=30931
data_collection/reports/external_eda/figures/14_bbox_320_categories.png,FIGURE,Generated visualization/evidence,run_external_dataset_eda.py:_figures/_audit_figures,See source/config references,2026-08-02T12:16:28,True,True,size_bytes=40974
data_collection/reports/external_eda/figures/15_boxes_per_image.png,FIGURE,Generated visualization/evidence,run_external_dataset_eda.py:_figures/_audit_figures,See source/config references,2026-08-02T12:16:29,True,True,size_bytes=32847
data_collection/reports/external_eda/figures/16_ua_occlusion.png,FIGURE,Generated visualization/evidence,run_external_dataset_eda.py:_figures/_audit_figures,See source/config references,2026-08-02T12:16:29,True,True,size_bytes=30934
data_collection/reports/external_eda/figures/17_ua_truncation.png,FIGURE,Generated visualization/evidence,run_external_dataset_eda.py:_figures/_audit_figures,See source/config references,2026-08-02T12:16:29,True,True,size_bytes=31703
data_collection/reports/external_eda/figures/18_viewpoint_score.png,FIGURE,Generated visualization/evidence,run_external_dataset_eda.py:_figures/_audit_figures,See source/config references,2026-08-02T12:16:29,True,True,size_bytes=39276
data_collection/reports/external_eda/figures/19_selection_ratio.png,FIGURE,Generated visualization/evidence,run_external_dataset_eda.py:_figures/_audit_figures,See source/config references,2026-08-02T12:16:29,True,True,size_bytes=46773
data_collection/reports/external_eda/figures/20_data_gaps.png,FIGURE,Generated visualization/evidence,run_external_dataset_eda.py:_figures/_audit_figures,See source/config references,2026-08-02T12:16:29,True,True,size_bytes=35277
data_collection/reports/external_eda/figures/21_cross_test_bbox_difficulty.png,FIGURE,Generated visualization/evidence,run_external_dataset_eda.py:_figures/_audit_figures,See source/config references,2026-08-02T12:16:29,True,True,size_bytes=50702
data_collection/reports/external_eda/figures/22_quality_issue_counts.png,FIGURE,Generated visualization/evidence,run_external_dataset_eda.py:_figures/_audit_figures,See source/config references,2026-08-02T12:16:29,True,True,size_bytes=45689
data_collection/reports/external_eda/figures/23_split_sequence_distribution.png,FIGURE,Generated visualization/evidence,run_external_dataset_eda.py:_figures/_audit_figures,See source/config references,2026-08-02T12:16:29,True,True,size_bytes=47755
data_collection/reports/external_eda/final_run.stderr.log,OTHER,Repository artifact,NO_GENERATOR_FOUND,NOT_DECLARED,2026-07-31T11:03:17,False,False,size_bytes=79804
data_collection/reports/external_eda/final_run.stdout.log,OTHER,Repository artifact,NO_GENERATOR_FOUND,NOT_DECLARED,2026-07-31T11:04:38,False,False,size_bytes=1025
data_collection/reports/external_eda/image_quality.csv,TABLE,"Metadata, plan, or generated report",run_external_dataset_eda.py,See source/config references,2026-08-02T12:16:25,True,True,size_bytes=725
data_collection/reports/external_eda/image_quality_samples.csv,TABLE,"Metadata, plan, or generated report",run_external_dataset_eda.py,See source/config references,2026-08-02T12:16:25,False,True,size_bytes=2864360
data_collection/reports/external_eda/invalid_annotations.csv,TABLE,"Metadata, plan, or generated report",run_external_dataset_eda.py,See source/config references,2026-08-02T12:16:26,False,True,size_bytes=205912
data_collection/reports/external_eda/k230_holdout_plan.csv,TABLE,"Metadata, plan, or generated report",run_external_dataset_eda.py,See source/config references,2026-08-02T12:16:27,True,True,size_bytes=1327
data_collection/reports/external_eda/label_consistency_audit.csv,TABLE,"Metadata, plan, or generated report",run_external_dataset_eda.py,See source/config references,2026-08-02T12:16:27,True,True,size_bytes=1790
data_collection/reports/external_eda/pipeline_errors.log,OTHER,Repository artifact,NO_GENERATOR_FOUND,NOT_DECLARED,2026-08-02T12:14:54,False,False,size_bytes=424
data_collection/reports/external_eda/quality_audit_summary.csv,TABLE,"Metadata, plan, or generated report",run_external_dataset_eda.py,See source/config references,2026-08-02T12:16:27,True,True,size_bytes=1003
data_collection/reports/external_eda/quality_review_queue.csv,TABLE,"Metadata, plan, or generated report",run_external_dataset_eda.py,See source/config references,2026-08-02T12:16:27,True,True,size_bytes=1262
data_collection/reports/external_eda/rerun_resume_stderr.log,OTHER,Repository artifact,NO_GENERATOR_FOUND,NOT_DECLARED,2026-08-02T12:16:18,False,False,size_bytes=14229
data_collection/reports/external_eda/rerun_resume_stdout.log,OTHER,Repository artifact,NO_GENERATOR_FOUND,NOT_DECLARED,2026-08-02T12:16:29,False,False,size_bytes=1253
data_collection/reports/external_eda/rerun_stderr.log,OTHER,Repository artifact,NO_GENERATOR_FOUND,NOT_DECLARED,2026-08-02T12:14:59,False,False,size_bytes=74869
data_collection/reports/external_eda/rerun_stdout.log,OTHER,Repository artifact,NO_GENERATOR_FOUND,NOT_DECLARED,2026-08-02T12:14:59,False,False,size_bytes=1039
data_collection/reports/external_eda/research_findings.md,DOCUMENT,Documentation or generated narrative,run_external_dataset_eda.py,See source/config references,2026-08-02T12:16:29,True,True,size_bytes=5275
data_collection/reports/external_eda/road_type_distribution.csv,TABLE,"Metadata, plan, or generated report",run_external_dataset_eda.py,See source/config references,2026-08-02T12:16:27,True,True,size_bytes=637
data_collection/reports/external_eda/sample_run.stderr.log,OTHER,Repository artifact,NO_GENERATOR_FOUND,NOT_DECLARED,2026-07-31T10:55:07,False,False,size_bytes=21892
data_collection/reports/external_eda/sample_run.stdout.log,OTHER,Repository artifact,NO_GENERATOR_FOUND,NOT_DECLARED,2026-07-31T10:55:11,False,False,size_bytes=641
data_collection/reports/external_eda/scene_metadata_distribution.csv,TABLE,"Metadata, plan, or generated report",run_external_dataset_eda.py,See source/config references,2026-08-02T12:16:27,True,True,size_bytes=2688
data_collection/reports/external_eda/selected_data_manifest.csv,TABLE,"Metadata, plan, or generated report",run_external_dataset_eda.py,See source/config references,2026-08-02T12:16:27,True,True,size_bytes=1747933
data_collection/reports/external_eda/sequence_leakage.csv,TABLE,"Metadata, plan, or generated report",run_external_dataset_eda.py,See source/config references,2026-08-02T12:16:26,True,True,size_bytes=99
data_collection/reports/external_eda/sequence_scene_metadata.csv,TABLE,"Metadata, plan, or generated report",run_external_dataset_eda.py,See source/config references,2026-08-02T12:16:27,True,True,size_bytes=4191
data_collection/reports/external_eda/split_distribution.csv,TABLE,"Metadata, plan, or generated report",run_external_dataset_eda.py,See source/config references,2026-08-02T12:16:27,True,True,size_bytes=956
data_collection/reports/external_eda/split_proposal.csv,TABLE,"Metadata, plan, or generated report",run_external_dataset_eda.py,See source/config references,2026-08-02T12:16:27,True,True,size_bytes=47598
data_collection/reports/external_eda/split_validation_summary.csv,TABLE,"Metadata, plan, or generated report",run_external_dataset_eda.py,See source/config references,2026-08-02T12:16:27,True,True,size_bytes=1244
data_collection/reports/external_eda/stationary_candidates.csv,TABLE,"Metadata, plan, or generated report",run_external_dataset_eda.py,See source/config references,2026-08-02T12:16:27,True,True,size_bytes=3912
data_collection/reports/external_eda/ua_others_sample_review.csv,TABLE,"Metadata, plan, or generated report",MANUAL_REVIEW_OR_POLICY,NOT_DECLARED,2026-08-02T12:11:02,True,False,size_bytes=2415
data_collection/reports/external_eda/viewpoint_suitability.csv,TABLE,"Metadata, plan, or generated report",run_external_dataset_eda.py,See source/config references,2026-08-02T12:16:26,True,True,size_bytes=46850
data_collection/reports/github_dataset_review.md,DOCUMENT,Documentation or generated narrative,MANUAL_DOCUMENT,NOT_DECLARED,2026-07-29T12:35:59,True,False,size_bytes=5954
data_collection/reports/license_validation_report.md,DOCUMENT,Documentation or generated narrative,REFERENCED_BY_SCRIPT,See source/config references,2026-07-29T12:36:16,True,True,size_bytes=243
data_collection/reports/mio_tcd_radiate_download_evidence.md,DOCUMENT,Documentation or generated narrative,MANUAL_DOCUMENT,NOT_DECLARED,2026-07-29T12:35:59,True,False,size_bytes=2445
data_collection/reports/near_duplicate_frame_report.md,DOCUMENT,Documentation or generated narrative,REFERENCED_BY_SCRIPT,See source/config references,2026-07-29T12:19:26,True,True,size_bytes=11942
data_collection/reports/online_source_report.md,DOCUMENT,Documentation or generated narrative,REFERENCED_BY_SCRIPT,See source/config references,2026-07-29T12:36:16,True,True,size_bytes=681
data_collection/reports/rejected_data_report.md,DOCUMENT,Documentation or generated narrative,MANUAL_DOCUMENT,NOT_DECLARED,2026-07-29T11:03:40,True,False,size_bytes=92
data_collection/reports/search_queries_to_run.md,DOCUMENT,Documentation or generated narrative,REFERENCED_BY_SCRIPT,See source/config references,2026-07-29T11:08:10,True,True,size_bytes=1516
data_collection/reports/ua_detrac_download_evidence.md,DOCUMENT,Documentation or generated narrative,MANUAL_DOCUMENT,NOT_DECLARED,2026-07-31T10:22:49,True,False,size_bytes=976
data_collection/docs/01_dataset_objectives.md,DOCUMENT,Documentation or generated narrative,MANUAL_DOCUMENT,NOT_DECLARED,2026-07-29T09:26:44,True,False,size_bytes=803
data_collection/docs/02_data_collection_plan.md,DOCUMENT,Documentation or generated narrative,MANUAL_DOCUMENT,NOT_DECLARED,2026-07-29T09:26:44,True,False,size_bytes=1486
data_collection/docs/03_camera_location_survey.md,DOCUMENT,Documentation or generated narrative,MANUAL_DOCUMENT,NOT_DECLARED,2026-07-29T09:26:44,True,False,size_bytes=1036
data_collection/docs/04_recording_scenarios.md,DOCUMENT,Documentation or generated narrative,MANUAL_DOCUMENT,NOT_DECLARED,2026-07-29T09:26:44,True,False,size_bytes=865
data_collection/docs/05_data_source_policy.md,DOCUMENT,Documentation or generated narrative,MANUAL_DOCUMENT,NOT_DECLARED,2026-07-29T09:26:44,True,False,size_bytes=943
data_collection/docs/06_naming_convention.md,DOCUMENT,Documentation or generated narrative,MANUAL_DOCUMENT,NOT_DECLARED,2026-07-29T09:26:44,True,False,size_bytes=823
data_collection/docs/07_labeling_guideline.md,DOCUMENT,Documentation or generated narrative,MANUAL_DOCUMENT,NOT_DECLARED,2026-08-02T12:13:18,True,False,size_bytes=1798
data_collection/docs/08_dataset_split_policy.md,DOCUMENT,Documentation or generated narrative,MANUAL_DOCUMENT,NOT_DECLARED,2026-08-02T12:13:18,True,False,size_bytes=1401
data_collection/docs/09_eda_plan.md,DOCUMENT,Documentation or generated narrative,MANUAL_DOCUMENT,NOT_DECLARED,2026-07-29T09:26:44,True,False,size_bytes=921
data_collection/docs/10_quality_control_checklist.md,DOCUMENT,Documentation or generated narrative,MANUAL_DOCUMENT,NOT_DECLARED,2026-07-29T09:26:44,True,False,size_bytes=892
data_collection/docs/11_privacy_and_copyright.md,DOCUMENT,Documentation or generated narrative,MANUAL_DOCUMENT,NOT_DECLARED,2026-07-29T09:26:44,True,False,size_bytes=758
data_collection/docs/12_dataset_versioning.md,DOCUMENT,Documentation or generated narrative,MANUAL_DOCUMENT,NOT_DECLARED,2026-07-29T09:26:44,True,False,size_bytes=863
data_collection/docs/13_daily_reporting_template.md,DOCUMENT,Documentation or generated narrative,MANUAL_DOCUMENT,NOT_DECLARED,2026-07-29T09:26:44,True,False,size_bytes=795
data_collection/docs/14_online_data_search_plan.md,DOCUMENT,Documentation or generated narrative,MANUAL_DOCUMENT,NOT_DECLARED,2026-07-29T11:03:40,True,False,size_bytes=1381
data_collection/docs/15_video_acceptance_standard.md,DOCUMENT,Documentation or generated narrative,MANUAL_DOCUMENT,NOT_DECLARED,2026-07-29T11:03:40,True,False,size_bytes=1646
data_collection/docs/16_online_source_review_process.md,DOCUMENT,Documentation or generated narrative,MANUAL_DOCUMENT,NOT_DECLARED,2026-07-29T11:03:40,True,False,size_bytes=953
data_collection/docs/17_video_processing_pipeline.md,DOCUMENT,Documentation or generated narrative,MANUAL_DOCUMENT,NOT_DECLARED,2026-07-29T11:03:40,True,False,size_bytes=1026
data_collection/docs/18_frame_extraction_policy.md,DOCUMENT,Documentation or generated narrative,MANUAL_DOCUMENT,NOT_DECLARED,2026-07-29T11:03:40,True,False,size_bytes=963
data_collection/docs/19_online_dataset_report.md,DOCUMENT,Documentation or generated narrative,MANUAL_DOCUMENT,NOT_DECLARED,2026-07-29T11:03:40,True,False,size_bytes=1396
data_collection/docs/21_external_dataset_eda_methodology.md,DOCUMENT,Documentation or generated narrative,MANUAL_DOCUMENT,NOT_DECLARED,2026-08-02T12:17:26,True,False,size_bytes=2066
data_collection/docs/22_dataset_usage_policy.md,DOCUMENT,Documentation or generated narrative,MANUAL_DOCUMENT,NOT_DECLARED,2026-08-02T12:17:26,True,False,size_bytes=1112
data_collection/docs/23_dataset_comparison_for_research.md,DOCUMENT,Documentation or generated narrative,MANUAL_DOCUMENT,NOT_DECLARED,2026-08-01T15:28:47,True,False,size_bytes=1635
data_collection/docs/24_cross_test_scene_metadata_review.md,DOCUMENT,Documentation or generated narrative,MANUAL_DOCUMENT,NOT_DECLARED,2026-08-01T15:29:48,True,False,size_bytes=2591
data_collection/docs/25_eda_distribution_quality_split.md,DOCUMENT,Documentation or generated narrative,MANUAL_DOCUMENT,NOT_DECLARED,2026-08-02T12:13:18,True,False,size_bytes=2668
data_collection/docs/26_supervisor_feedback_corrections.md,DOCUMENT,Documentation or generated narrative,MANUAL_DOCUMENT,NOT_DECLARED,2026-08-02T12:13:18,True,False,size_bytes=1319
data_collection/tests/test_annotation_validation.py,SOURCE_CODE,Executable or test source,MANUAL_SOURCE,NOT_DECLARED,2026-08-02T12:11:52,True,True,size_bytes=1500
data_collection/tests/test_class_mapping.py,SOURCE_CODE,Executable or test source,MANUAL_SOURCE,NOT_DECLARED,2026-08-02T12:11:52,True,True,size_bytes=1972
data_collection/tests/test_eda_audits.py,SOURCE_CODE,Executable or test source,MANUAL_SOURCE,NOT_DECLARED,2026-08-02T12:11:58,True,True,size_bytes=4577
data_collection/tests/test_external_dataset_discovery.py,SOURCE_CODE,Executable or test source,MANUAL_SOURCE,NOT_DECLARED,2026-07-31T10:58:01,True,True,size_bytes=1003
data_collection/tests/test_independent_audit.py,SOURCE_CODE,Executable or test source,MANUAL_SOURCE,NOT_DECLARED,2026-08-02T12:43:54,False,True,size_bytes=2428
data_collection/tests/test_no_fake_statistics.py,SOURCE_CODE,Executable or test source,MANUAL_SOURCE,NOT_DECLARED,2026-08-01T15:41:01,True,True,size_bytes=2942
data_collection/tests/test_online_pipeline.py,SOURCE_CODE,Executable or test source,MANUAL_SOURCE,NOT_DECLARED,2026-07-29T11:07:12,True,True,size_bytes=2036
data_collection/tests/test_repository_handoff.py,SOURCE_CODE,Executable or test source,MANUAL_SOURCE,NOT_DECLARED,2026-08-02T12:18:40,True,True,size_bytes=3881
data_collection/tests/test_sequence_split.py,SOURCE_CODE,Executable or test source,MANUAL_SOURCE,NOT_DECLARED,2026-08-02T12:11:52,True,True,size_bytes=6502
data_collection/metadata/images.csv,TABLE,"Metadata, plan, or generated report",REFERENCED_BY_SCRIPT,See source/config references,2026-07-29T11:50:07,True,True,size_bytes=20411
data_collection/metadata/labels.csv,TABLE,"Metadata, plan, or generated report",REFERENCED_BY_SCRIPT,See source/config references,2026-07-29T09:27:49,True,True,size_bytes=140
data_collection/metadata/sessions.csv,TABLE,"Metadata, plan, or generated report",REFERENCED_BY_SCRIPT,See source/config references,2026-07-29T09:27:49,True,True,size_bytes=200
data_collection/metadata/videos.csv,TABLE,"Metadata, plan, or generated report",REFERENCED_BY_SCRIPT,See source/config references,2026-07-29T09:27:49,True,True,size_bytes=132
data_collection/planning/camera_location_survey.csv,TABLE,"Metadata, plan, or generated report",NO_GENERATOR_FOUND,NOT_DECLARED,2026-07-29T09:27:49,True,False,size_bytes=3378
data_collection/planning/data_collection_master_plan.csv,TABLE,"Metadata, plan, or generated report",REFERENCED_BY_SCRIPT,See source/config references,2026-07-29T09:27:49,True,True,size_bytes=3792
data_collection/planning/data_source_registry.csv,TABLE,"Metadata, plan, or generated report",NO_GENERATOR_FOUND,NOT_DECLARED,2026-07-29T09:27:49,True,False,size_bytes=1796
data_collection/planning/dataset_condition_gap.csv,TABLE,"Metadata, plan, or generated report",REFERENCED_BY_SCRIPT,See source/config references,2026-07-29T11:02:47,True,True,size_bytes=2958
data_collection/planning/dataset_progress_tracker.csv,TABLE,"Metadata, plan, or generated report",NO_GENERATOR_FOUND,NOT_DECLARED,2026-07-29T09:27:49,True,False,size_bytes=479
data_collection/planning/evidence_registry.csv,TABLE,"Metadata, plan, or generated report",NO_GENERATOR_FOUND,NOT_DECLARED,2026-07-29T09:27:49,True,False,size_bytes=157
data_collection/planning/labeling_progress.csv,TABLE,"Metadata, plan, or generated report",REFERENCED_BY_SCRIPT,See source/config references,2026-07-29T09:27:49,True,True,size_bytes=152
data_collection/planning/online_image_metadata.csv,TABLE,"Metadata, plan, or generated report",REFERENCED_BY_SCRIPT,See source/config references,2026-07-29T11:48:47,True,True,size_bytes=45933
data_collection/planning/online_search_queries.csv,TABLE,"Metadata, plan, or generated report",REFERENCED_BY_SCRIPT,See source/config references,2026-07-29T11:02:47,True,True,size_bytes=2606
data_collection/planning/online_source_candidates.csv,TABLE,"Metadata, plan, or generated report",REFERENCED_BY_SCRIPT,See source/config references,2026-07-31T10:22:49,True,True,size_bytes=9199
data_collection/planning/quality_issue_log.csv,TABLE,"Metadata, plan, or generated report",REFERENCED_BY_SCRIPT,See source/config references,2026-07-29T09:27:49,True,True,size_bytes=152
data_collection/planning/recording_scenario_checklist.csv,TABLE,"Metadata, plan, or generated report",NO_GENERATOR_FOUND,NOT_DECLARED,2026-07-29T09:28:43,True,False,size_bytes=4247
data_collection/planning/recording_schedule.csv,TABLE,"Metadata, plan, or generated report",NO_GENERATOR_FOUND,NOT_DECLARED,2026-07-29T09:27:49,True,False,size_bytes=275
data_collection/planning/rejected_sources.csv,TABLE,"Metadata, plan, or generated report",NO_GENERATOR_FOUND,NOT_DECLARED,2026-07-29T12:18:58,True,False,size_bytes=925
data_collection/planning/video_download_queue.csv,TABLE,"Metadata, plan, or generated report",REFERENCED_BY_SCRIPT,See source/config references,2026-07-31T10:22:49,True,True,size_bytes=5404
data_collection/planning/video_quality_review.csv,TABLE,"Metadata, plan, or generated report",REFERENCED_BY_SCRIPT,See source/config references,2026-07-29T11:02:47,True,True,size_bytes=481
