check_id,artifact_a,artifact_b,field_or_claim,value_a,value_b,status,severity,evidence_or_action
RC-001,README.md,dataset_count_reconciliation.csv,total analyzed bounding boxes,"1,301,866","1,301,866",MATCH_WITH_SCOPE_WARNING,MEDIUM,"Numeric value matches; explicitly call it a mixed analysis-scope sum because MIO is sampled while AAU/UA use broader scopes."
RC-002,reports/external_eda/quality_audit_summary.csv,ua_bbox_clipping_audit.csv,UA boundary-clipped count,"130,181","130,181",MATCH,HIGH,"Independent full XML parse reproduces the number."
RC-003,reports/external_eda/condition_distribution.csv,aau_lighting_review_audit.csv,AAU lighting,"DAY=10;NIGHT=11;TWILIGHT=1","DAY=10;NIGHT=11;TWILIGHT=1",MATCH_WITH_EVIDENCE_GAP,MEDIUM,"Counts match, but audited commit lacks named reviewer and retained original contact-sheet evidence."
RC-004,docs/25_eda_distribution_quality_split.md,ua_bbox_clipping_audit.csv,reason UA boxes exceed image bounds,"vehicles entering/leaving frame","RIGHT/BOTTOM only; maximum overrun=1 pixel",INCONSISTENT,HIGH,"Existing cause is unsupported. Keep clipping but describe coordinate convention as a hypothesis pending image-level proof."
RC-005,reports/external_eda/evaluation_slice_readiness.csv,k230_backlit_audit.md,K230 BACKLIT score,NOT_AVAILABLE,NOT_AVAILABLE,MATCH,HIGH,"No real K230 media, ground truth, predictions, or evaluable backlit split was found."
RC-006,reports/external_eda/figures,run_external_dataset_eda.py,figure source provenance,in-memory rows,no declared source-CSV hash,NOT_REPRODUCIBLE,MEDIUM,"Emit figure_provenance.csv and generate figures from saved hashed CSV inputs."
RC-007,reports/external_eda/dataset_inventory.csv,reproduction_environment.md,source path portability,absolute local Windows paths,repository/config-relative paths expected,INCONSISTENT,LOW,"Remove machine-specific paths from tracked reports."
RC-008,reports/external_eda/split_validation_summary.csv,sequence_leakage_audit.csv,sequence/source leakage,PASS,PASS,MATCH_WITH_LIMITATION,HIGH,"Exact and sequence checks pass in scope; full cross-split near-duplicate detection remains unverified."
RC-009,reports/external_eda/ua_others_sample_review.csv,reports/external_eda/ua_others_data_lead_review.md,UA others conclusion,12_SAMPLE_LEGACY,74_UNIQUE_TRACKS_REVIEWED,SUPERSEDED_AND_RESOLVED,HIGH,"Full track review approves 73 tracks and rejects MVI_40172 track 79 with 201 boxes."
