dimension,value,metric,category,bbox_count_in_analysis,ratio_within_slice,analysis_scope
camera_view,ELEVATED_OBLIQUE,ORIGINAL_RELATIVE_SIZE,LARGE,1347,0.12427346,BBOX_ANALYSIS_SAMPLE
camera_view,ELEVATED_OBLIQUE,ORIGINAL_RELATIVE_SIZE,MEDIUM,9321,0.85995018,BBOX_ANALYSIS_SAMPLE
camera_view,ELEVATED_OBLIQUE,ORIGINAL_RELATIVE_SIZE,SMALL,171,0.01577636,BBOX_ANALYSIS_SAMPLE
camera_view,ELEVATED_OBLIQUE,POST_RESIZE_320,EXTREMELY_TINY,18,0.00166067,BBOX_ANALYSIS_SAMPLE
camera_view,ELEVATED_OBLIQUE,POST_RESIZE_320,SMALL,6192,0.57127041,BBOX_ANALYSIS_SAMPLE
camera_view,ELEVATED_OBLIQUE,POST_RESIZE_320,USABLE,4109,0.37909401,BBOX_ANALYSIS_SAMPLE
camera_view,ELEVATED_OBLIQUE,POST_RESIZE_320,VERY_SMALL,520,0.04797491,BBOX_ANALYSIS_SAMPLE
lighting,DAY,ORIGINAL_RELATIVE_SIZE,LARGE,725,0.08780429,BBOX_ANALYSIS_SAMPLE
lighting,DAY,ORIGINAL_RELATIVE_SIZE,MEDIUM,7518,0.91050018,BBOX_ANALYSIS_SAMPLE
lighting,DAY,ORIGINAL_RELATIVE_SIZE,SMALL,14,0.00169553,BBOX_ANALYSIS_SAMPLE
lighting,DAY,POST_RESIZE_320,SMALL,4968,0.60167131,BBOX_ANALYSIS_SAMPLE
lighting,DAY,POST_RESIZE_320,USABLE,2978,0.36066368,BBOX_ANALYSIS_SAMPLE
lighting,DAY,POST_RESIZE_320,VERY_SMALL,311,0.03766501,BBOX_ANALYSIS_SAMPLE
lighting,NIGHT,ORIGINAL_RELATIVE_SIZE,LARGE,173,0.1647619,BBOX_ANALYSIS_SAMPLE
lighting,NIGHT,ORIGINAL_RELATIVE_SIZE,MEDIUM,736,0.70095238,BBOX_ANALYSIS_SAMPLE
lighting,NIGHT,ORIGINAL_RELATIVE_SIZE,SMALL,141,0.13428571,BBOX_ANALYSIS_SAMPLE
lighting,NIGHT,POST_RESIZE_320,EXTREMELY_TINY,11,0.01047619,BBOX_ANALYSIS_SAMPLE
lighting,NIGHT,POST_RESIZE_320,SMALL,486,0.46285714,BBOX_ANALYSIS_SAMPLE
lighting,NIGHT,POST_RESIZE_320,USABLE,373,0.3552381,BBOX_ANALYSIS_SAMPLE
lighting,NIGHT,POST_RESIZE_320,VERY_SMALL,180,0.17142857,BBOX_ANALYSIS_SAMPLE
lighting,TWILIGHT,ORIGINAL_RELATIVE_SIZE,LARGE,449,0.29308094,BBOX_ANALYSIS_SAMPLE
lighting,TWILIGHT,ORIGINAL_RELATIVE_SIZE,MEDIUM,1067,0.6964752,BBOX_ANALYSIS_SAMPLE
lighting,TWILIGHT,ORIGINAL_RELATIVE_SIZE,SMALL,16,0.01044386,BBOX_ANALYSIS_SAMPLE
lighting,TWILIGHT,POST_RESIZE_320,EXTREMELY_TINY,7,0.00456919,BBOX_ANALYSIS_SAMPLE
lighting,TWILIGHT,POST_RESIZE_320,SMALL,738,0.48172324,BBOX_ANALYSIS_SAMPLE
lighting,TWILIGHT,POST_RESIZE_320,USABLE,758,0.49477807,BBOX_ANALYSIS_SAMPLE
lighting,TWILIGHT,POST_RESIZE_320,VERY_SMALL,29,0.0189295,BBOX_ANALYSIS_SAMPLE
road_type,HIGHWAY,ORIGINAL_RELATIVE_SIZE,LARGE,333,0.081438,BBOX_ANALYSIS_SAMPLE
road_type,HIGHWAY,ORIGINAL_RELATIVE_SIZE,MEDIUM,3742,0.91513818,BBOX_ANALYSIS_SAMPLE
road_type,HIGHWAY,ORIGINAL_RELATIVE_SIZE,SMALL,14,0.00342382,BBOX_ANALYSIS_SAMPLE
road_type,HIGHWAY,POST_RESIZE_320,SMALL,2496,0.6104182,BBOX_ANALYSIS_SAMPLE
road_type,HIGHWAY,POST_RESIZE_320,USABLE,1361,0.33284422,BBOX_ANALYSIS_SAMPLE
road_type,HIGHWAY,POST_RESIZE_320,VERY_SMALL,232,0.05673759,BBOX_ANALYSIS_SAMPLE
road_type,INTERSECTION,ORIGINAL_RELATIVE_SIZE,LARGE,501,0.0962721,BBOX_ANALYSIS_SAMPLE
road_type,INTERSECTION,ORIGINAL_RELATIVE_SIZE,MEDIUM,4548,0.87394312,BBOX_ANALYSIS_SAMPLE
road_type,INTERSECTION,ORIGINAL_RELATIVE_SIZE,SMALL,155,0.02978478,BBOX_ANALYSIS_SAMPLE
road_type,INTERSECTION,POST_RESIZE_320,EXTREMELY_TINY,18,0.00345888,BBOX_ANALYSIS_SAMPLE
road_type,INTERSECTION,POST_RESIZE_320,SMALL,3032,0.58262875,BBOX_ANALYSIS_SAMPLE
road_type,INTERSECTION,POST_RESIZE_320,USABLE,1886,0.36241353,BBOX_ANALYSIS_SAMPLE
road_type,INTERSECTION,POST_RESIZE_320,VERY_SMALL,268,0.05149885,BBOX_ANALYSIS_SAMPLE
road_type,URBAN_ROAD,ORIGINAL_RELATIVE_SIZE,LARGE,513,0.33182406,BBOX_ANALYSIS_SAMPLE
road_type,URBAN_ROAD,ORIGINAL_RELATIVE_SIZE,MEDIUM,1031,0.66688228,BBOX_ANALYSIS_SAMPLE
road_type,URBAN_ROAD,ORIGINAL_RELATIVE_SIZE,SMALL,2,0.00129366,BBOX_ANALYSIS_SAMPLE
road_type,URBAN_ROAD,POST_RESIZE_320,SMALL,664,0.42949547,BBOX_ANALYSIS_SAMPLE
road_type,URBAN_ROAD,POST_RESIZE_320,USABLE,862,0.55756792,BBOX_ANALYSIS_SAMPLE
road_type,URBAN_ROAD,POST_RESIZE_320,VERY_SMALL,20,0.01293661,BBOX_ANALYSIS_SAMPLE
traffic_density,HIGH,ORIGINAL_RELATIVE_SIZE,LARGE,565,0.0763101,BBOX_ANALYSIS_SAMPLE
traffic_density,HIGH,ORIGINAL_RELATIVE_SIZE,MEDIUM,6825,0.92179903,BBOX_ANALYSIS_SAMPLE
traffic_density,HIGH,ORIGINAL_RELATIVE_SIZE,SMALL,14,0.00189087,BBOX_ANALYSIS_SAMPLE
traffic_density,HIGH,POST_RESIZE_320,SMALL,4504,0.60831983,BBOX_ANALYSIS_SAMPLE
traffic_density,HIGH,POST_RESIZE_320,USABLE,2641,0.35669908,BBOX_ANALYSIS_SAMPLE
traffic_density,HIGH,POST_RESIZE_320,VERY_SMALL,259,0.03498109,BBOX_ANALYSIS_SAMPLE
traffic_density,LOW,ORIGINAL_RELATIVE_SIZE,LARGE,110,0.13924051,BBOX_ANALYSIS_SAMPLE
traffic_density,LOW,ORIGINAL_RELATIVE_SIZE,MEDIUM,662,0.83797468,BBOX_ANALYSIS_SAMPLE
traffic_density,LOW,ORIGINAL_RELATIVE_SIZE,SMALL,18,0.02278481,BBOX_ANALYSIS_SAMPLE
traffic_density,LOW,POST_RESIZE_320,EXTREMELY_TINY,7,0.00886076,BBOX_ANALYSIS_SAMPLE
traffic_density,LOW,POST_RESIZE_320,SMALL,484,0.61265823,BBOX_ANALYSIS_SAMPLE
traffic_density,LOW,POST_RESIZE_320,USABLE,268,0.33924051,BBOX_ANALYSIS_SAMPLE
traffic_density,LOW,POST_RESIZE_320,VERY_SMALL,31,0.03924051,BBOX_ANALYSIS_SAMPLE
traffic_density,MEDIUM,ORIGINAL_RELATIVE_SIZE,LARGE,672,0.25406427,BBOX_ANALYSIS_SAMPLE
traffic_density,MEDIUM,ORIGINAL_RELATIVE_SIZE,MEDIUM,1834,0.69338374,BBOX_ANALYSIS_SAMPLE
traffic_density,MEDIUM,ORIGINAL_RELATIVE_SIZE,SMALL,139,0.05255198,BBOX_ANALYSIS_SAMPLE
traffic_density,MEDIUM,POST_RESIZE_320,EXTREMELY_TINY,11,0.00415879,BBOX_ANALYSIS_SAMPLE
traffic_density,MEDIUM,POST_RESIZE_320,SMALL,1204,0.45519849,BBOX_ANALYSIS_SAMPLE
traffic_density,MEDIUM,POST_RESIZE_320,USABLE,1200,0.4536862,BBOX_ANALYSIS_SAMPLE
traffic_density,MEDIUM,POST_RESIZE_320,VERY_SMALL,230,0.08695652,BBOX_ANALYSIS_SAMPLE
weather,CLEAR,ORIGINAL_RELATIVE_SIZE,LARGE,529,0.14254918,BBOX_ANALYSIS_SAMPLE
weather,CLEAR,ORIGINAL_RELATIVE_SIZE,MEDIUM,3182,0.85745082,BBOX_ANALYSIS_SAMPLE
weather,CLEAR,POST_RESIZE_320,SMALL,1878,0.50606306,BBOX_ANALYSIS_SAMPLE
weather,CLEAR,POST_RESIZE_320,USABLE,1734,0.4672595,BBOX_ANALYSIS_SAMPLE
weather,CLEAR,POST_RESIZE_320,VERY_SMALL,99,0.02667745,BBOX_ANALYSIS_SAMPLE
weather,CLOUDY,ORIGINAL_RELATIVE_SIZE,LARGE,196,0.04311483,BBOX_ANALYSIS_SAMPLE
weather,CLOUDY,ORIGINAL_RELATIVE_SIZE,MEDIUM,4336,0.95380554,BBOX_ANALYSIS_SAMPLE
weather,CLOUDY,ORIGINAL_RELATIVE_SIZE,SMALL,14,0.00307963,BBOX_ANALYSIS_SAMPLE
weather,CLOUDY,POST_RESIZE_320,SMALL,3090,0.67971843,BBOX_ANALYSIS_SAMPLE
weather,CLOUDY,POST_RESIZE_320,USABLE,1244,0.27364716,BBOX_ANALYSIS_SAMPLE
weather,CLOUDY,POST_RESIZE_320,VERY_SMALL,212,0.0466344,BBOX_ANALYSIS_SAMPLE
weather,RAIN_OR_WET_ROAD,ORIGINAL_RELATIVE_SIZE,LARGE,109,0.10521236,BBOX_ANALYSIS_SAMPLE
weather,RAIN_OR_WET_ROAD,ORIGINAL_RELATIVE_SIZE,MEDIUM,772,0.74517375,BBOX_ANALYSIS_SAMPLE
weather,RAIN_OR_WET_ROAD,ORIGINAL_RELATIVE_SIZE,SMALL,155,0.1496139,BBOX_ANALYSIS_SAMPLE
weather,RAIN_OR_WET_ROAD,POST_RESIZE_320,EXTREMELY_TINY,18,0.01737452,BBOX_ANALYSIS_SAMPLE
weather,RAIN_OR_WET_ROAD,POST_RESIZE_320,SMALL,560,0.54054054,BBOX_ANALYSIS_SAMPLE
weather,RAIN_OR_WET_ROAD,POST_RESIZE_320,USABLE,269,0.25965251,BBOX_ANALYSIS_SAMPLE
weather,RAIN_OR_WET_ROAD,POST_RESIZE_320,VERY_SMALL,189,0.18243243,BBOX_ANALYSIS_SAMPLE
weather,UNKNOWN,ORIGINAL_RELATIVE_SIZE,LARGE,513,0.33182406,BBOX_ANALYSIS_SAMPLE
weather,UNKNOWN,ORIGINAL_RELATIVE_SIZE,MEDIUM,1031,0.66688228,BBOX_ANALYSIS_SAMPLE
weather,UNKNOWN,ORIGINAL_RELATIVE_SIZE,SMALL,2,0.00129366,BBOX_ANALYSIS_SAMPLE
weather,UNKNOWN,POST_RESIZE_320,SMALL,664,0.42949547,BBOX_ANALYSIS_SAMPLE
weather,UNKNOWN,POST_RESIZE_320,USABLE,862,0.55756792,BBOX_ANALYSIS_SAMPLE
weather,UNKNOWN,POST_RESIZE_320,VERY_SMALL,20,0.01293661,BBOX_ANALYSIS_SAMPLE
