proposed_split,dataset_name,road_type,sequence_count,assessment_scope
CROSS_DATASET_TEST,AAU RainSnow,INTERSECTION,2,SEQUENCE_LEVEL
CROSS_DATASET_TEST,UA-DETRAC Original,HIGHWAY,2,SEQUENCE_LEVEL
CROSS_DATASET_TEST,UA-DETRAC Original,INTERSECTION,3,SEQUENCE_LEVEL
CROSS_DATASET_TEST,UA-DETRAC Original,URBAN_ROAD,3,SEQUENCE_LEVEL
EXTERNAL_TRAIN,AAU RainSnow,UNKNOWN,18,SEQUENCE_LEVEL
EXTERNAL_TRAIN,UA-DETRAC Original,UNKNOWN,71,SEQUENCE_LEVEL
EXTERNAL_VALIDATION,AAU RainSnow,UNKNOWN,2,SEQUENCE_LEVEL
EXTERNAL_VALIDATION,MIO-TCD Localization,UNKNOWN,1,SEQUENCE_LEVEL
EXTERNAL_VALIDATION,UA-DETRAC Original,UNKNOWN,21,SEQUENCE_LEVEL
