dataset_name,sequence_id,road_type,weather,lighting,camera_view,traffic_density,mean_vehicles_per_image,weather_source,lighting_source,camera_view_source,traffic_density_source,manual_review_status,evidence
AAU RainSnow,Egensevej-1,URBAN_ROAD,RAIN_OR_WET_ROAD,NIGHT,ELEVATED_OBLIQUE,MEDIUM,5.2,AAU_SITE_CONDITIONS_VISUAL_REVIEW,MANUAL_VISUAL_REVIEW_3_RGB_FRAMES,AAU_FIXED_POLE_CAMERA,ANNOTATION_SAMPLE_MEAN,DATA_LEAD_SIGNOFF_COMPLETED,"AAU sequence Egensevej-1: verified lighting=NIGHT, weather=RAIN_OR_WET_ROAD, road_type=URBAN_ROAD."
AAU RainSnow,Egensevej-2,URBAN_ROAD,CLOUDY,DAY,ELEVATED_OBLIQUE,MEDIUM,5.2,AAU_SITE_CONDITIONS_VISUAL_REVIEW,MANUAL_VISUAL_REVIEW_3_RGB_FRAMES,AAU_FIXED_POLE_CAMERA,ANNOTATION_SAMPLE_MEAN,DATA_LEAD_SIGNOFF_COMPLETED,"AAU sequence Egensevej-2: verified lighting=DAY, weather=CLOUDY, road_type=URBAN_ROAD."
AAU RainSnow,Egensevej-3,URBAN_ROAD,RAIN_OR_WET_ROAD,NIGHT,ELEVATED_OBLIQUE,MEDIUM,5.2,AAU_SITE_CONDITIONS_VISUAL_REVIEW,MANUAL_VISUAL_REVIEW_3_RGB_FRAMES,AAU_FIXED_POLE_CAMERA,ANNOTATION_SAMPLE_MEAN,DATA_LEAD_SIGNOFF_COMPLETED,"AAU sequence Egensevej-3: verified lighting=NIGHT, weather=RAIN_OR_WET_ROAD, road_type=URBAN_ROAD."
AAU RainSnow,Egensevej-4,URBAN_ROAD,RAIN_OR_WET_ROAD,NIGHT,ELEVATED_OBLIQUE,MEDIUM,5.2,AAU_SITE_CONDITIONS_VISUAL_REVIEW,MANUAL_VISUAL_REVIEW_3_RGB_FRAMES,AAU_FIXED_POLE_CAMERA,ANNOTATION_SAMPLE_MEAN,DATA_LEAD_SIGNOFF_COMPLETED,"AAU sequence Egensevej-4: verified lighting=NIGHT, weather=RAIN_OR_WET_ROAD, road_type=URBAN_ROAD."
AAU RainSnow,Egensevej-5,URBAN_ROAD,RAIN_OR_WET_ROAD,NIGHT,ELEVATED_OBLIQUE,MEDIUM,5.2,AAU_SITE_CONDITIONS_VISUAL_REVIEW,MANUAL_VISUAL_REVIEW_3_RGB_FRAMES,AAU_FIXED_POLE_CAMERA,ANNOTATION_SAMPLE_MEAN,DATA_LEAD_SIGNOFF_COMPLETED,"AAU sequence Egensevej-5: verified lighting=NIGHT, weather=RAIN_OR_WET_ROAD, road_type=URBAN_ROAD."
AAU RainSnow,Hadsundvej-1,INTERSECTION,CLEAR,DAY,ELEVATED_OBLIQUE,MEDIUM,4.8,AAU_SITE_CONDITIONS_VISUAL_REVIEW,MANUAL_VISUAL_REVIEW_3_RGB_FRAMES,AAU_FIXED_POLE_CAMERA,ANNOTATION_SAMPLE_MEAN,DATA_LEAD_SIGNOFF_COMPLETED,"AAU sequence Hadsundvej-1: verified lighting=DAY, weather=CLEAR, road_type=INTERSECTION."
AAU RainSnow,Hadsundvej-2,INTERSECTION,CLEAR,DAY,ELEVATED_OBLIQUE,MEDIUM,4.8,AAU_SITE_CONDITIONS_VISUAL_REVIEW,MANUAL_VISUAL_REVIEW_3_RGB_FRAMES,AAU_FIXED_POLE_CAMERA,ANNOTATION_SAMPLE_MEAN,DATA_LEAD_SIGNOFF_COMPLETED,"AAU sequence Hadsundvej-2: verified lighting=DAY, weather=CLEAR, road_type=INTERSECTION."
AAU RainSnow,Hasserisvej-1,URBAN_ROAD,CLEAR,DAY,ELEVATED_OBLIQUE,LOW,3.5,AAU_SITE_CONDITIONS_VISUAL_REVIEW,MANUAL_VISUAL_REVIEW_3_RGB_FRAMES,AAU_FIXED_POLE_CAMERA,ANNOTATION_SAMPLE_MEAN,DATA_LEAD_SIGNOFF_COMPLETED,"AAU sequence Hasserisvej-1: verified lighting=DAY, weather=CLEAR, road_type=URBAN_ROAD."
AAU RainSnow,Hasserisvej-2,URBAN_ROAD,CLEAR,DAY,ELEVATED_OBLIQUE,LOW,3.5,AAU_SITE_CONDITIONS_VISUAL_REVIEW,MANUAL_VISUAL_REVIEW_3_RGB_FRAMES,AAU_FIXED_POLE_CAMERA,ANNOTATION_SAMPLE_MEAN,DATA_LEAD_SIGNOFF_COMPLETED,"AAU sequence Hasserisvej-2: verified lighting=DAY, weather=CLEAR, road_type=URBAN_ROAD."
AAU RainSnow,Hasserisvej-3,URBAN_ROAD,CLEAR,DAY,ELEVATED_OBLIQUE,LOW,3.5,AAU_SITE_CONDITIONS_VISUAL_REVIEW,MANUAL_VISUAL_REVIEW_3_RGB_FRAMES,AAU_FIXED_POLE_CAMERA,ANNOTATION_SAMPLE_MEAN,DATA_LEAD_SIGNOFF_COMPLETED,"AAU sequence Hasserisvej-3: verified lighting=DAY, weather=CLEAR, road_type=URBAN_ROAD."
AAU RainSnow,Hjorringvej-1,INTERSECTION,RAIN,NIGHT,ELEVATED_OBLIQUE,MEDIUM,6.4,AAU_SITE_CONDITIONS_VISUAL_REVIEW,MANUAL_VISUAL_REVIEW_3_RGB_FRAMES,AAU_FIXED_POLE_CAMERA,ANNOTATION_SAMPLE_MEAN,DATA_LEAD_SIGNOFF_COMPLETED,"AAU sequence Hjorringvej-1: verified lighting=NIGHT, weather=RAIN, road_type=INTERSECTION."
AAU RainSnow,Hjorringvej-2,INTERSECTION,RAIN,DAY,ELEVATED_OBLIQUE,MEDIUM,6.4,AAU_SITE_CONDITIONS_VISUAL_REVIEW,MANUAL_VISUAL_REVIEW_3_RGB_FRAMES,AAU_FIXED_POLE_CAMERA,ANNOTATION_SAMPLE_MEAN,DATA_LEAD_SIGNOFF_COMPLETED,"AAU sequence Hjorringvej-2: verified lighting=DAY, weather=RAIN, road_type=INTERSECTION."
AAU RainSnow,Hjorringvej-3,INTERSECTION,RAIN,NIGHT,ELEVATED_OBLIQUE,MEDIUM,6.4,AAU_SITE_CONDITIONS_VISUAL_REVIEW,MANUAL_VISUAL_REVIEW_3_RGB_FRAMES,AAU_FIXED_POLE_CAMERA,ANNOTATION_SAMPLE_MEAN,DATA_LEAD_SIGNOFF_COMPLETED,"AAU sequence Hjorringvej-3: verified lighting=NIGHT, weather=RAIN, road_type=INTERSECTION."
AAU RainSnow,Hjorringvej-4,INTERSECTION,RAIN,NIGHT,ELEVATED_OBLIQUE,MEDIUM,6.4,AAU_SITE_CONDITIONS_VISUAL_REVIEW,MANUAL_VISUAL_REVIEW_3_RGB_FRAMES,AAU_FIXED_POLE_CAMERA,ANNOTATION_SAMPLE_MEAN,DATA_LEAD_SIGNOFF_COMPLETED,"AAU sequence Hjorringvej-4: verified lighting=NIGHT, weather=RAIN, road_type=INTERSECTION."
AAU RainSnow,Hobrovej-1,URBAN_ROAD,RAIN,NIGHT,ELEVATED_OBLIQUE,MEDIUM,4.1,AAU_SITE_CONDITIONS_VISUAL_REVIEW,MANUAL_VISUAL_REVIEW_3_RGB_FRAMES,AAU_FIXED_POLE_CAMERA,ANNOTATION_SAMPLE_MEAN,DATA_LEAD_SIGNOFF_COMPLETED,"AAU sequence Hobrovej-1: verified lighting=NIGHT, weather=RAIN, road_type=URBAN_ROAD."
AAU RainSnow,Ostre-1,URBAN_ROAD,RAIN,DAY,ELEVATED_OBLIQUE,MEDIUM,5.0,AAU_SITE_CONDITIONS_VISUAL_REVIEW,MANUAL_VISUAL_REVIEW_3_RGB_FRAMES,AAU_FIXED_POLE_CAMERA,ANNOTATION_SAMPLE_MEAN,DATA_LEAD_SIGNOFF_COMPLETED,"AAU sequence Ostre-1: verified lighting=DAY, weather=RAIN, road_type=URBAN_ROAD."
AAU RainSnow,Ostre-2,URBAN_ROAD,RAIN,DAY,ELEVATED_OBLIQUE,MEDIUM,5.0,AAU_SITE_CONDITIONS_VISUAL_REVIEW,MANUAL_VISUAL_REVIEW_3_RGB_FRAMES,AAU_FIXED_POLE_CAMERA,ANNOTATION_SAMPLE_MEAN,DATA_LEAD_SIGNOFF_COMPLETED,"AAU sequence Ostre-2: verified lighting=DAY, weather=RAIN, road_type=URBAN_ROAD."
AAU RainSnow,Ostre-3,URBAN_ROAD,RAIN,DAY,ELEVATED_OBLIQUE,MEDIUM,5.0,AAU_SITE_CONDITIONS_VISUAL_REVIEW,MANUAL_VISUAL_REVIEW_3_RGB_FRAMES,AAU_FIXED_POLE_CAMERA,ANNOTATION_SAMPLE_MEAN,DATA_LEAD_SIGNOFF_COMPLETED,"AAU sequence Ostre-3: verified lighting=DAY, weather=RAIN, road_type=URBAN_ROAD."
AAU RainSnow,Ostre-4,URBAN_ROAD,RAIN,NIGHT,ELEVATED_OBLIQUE,MEDIUM,5.0,AAU_SITE_CONDITIONS_VISUAL_REVIEW,MANUAL_VISUAL_REVIEW_3_RGB_FRAMES,AAU_FIXED_POLE_CAMERA,ANNOTATION_SAMPLE_MEAN,DATA_LEAD_SIGNOFF_COMPLETED,"AAU sequence Ostre-4: verified lighting=NIGHT, weather=RAIN, road_type=URBAN_ROAD."
AAU RainSnow,Ringvej-1,INTERSECTION,RAIN_OR_WET_ROAD,NIGHT,ELEVATED_OBLIQUE,LOW,3.9,AAU_SITE_CONDITIONS_VISUAL_REVIEW,MANUAL_VISUAL_REVIEW_3_RGB_FRAMES,AAU_FIXED_POLE_CAMERA,ANNOTATION_SAMPLE_MEAN,DATA_LEAD_SIGNOFF_COMPLETED,"AAU sequence Ringvej-1: verified lighting=NIGHT, weather=RAIN_OR_WET_ROAD, road_type=INTERSECTION."
AAU RainSnow,Ringvej-2,INTERSECTION,RAIN_OR_WET_ROAD,NIGHT,ELEVATED_OBLIQUE,LOW,3.9,AAU_SITE_CONDITIONS_VISUAL_REVIEW,MANUAL_VISUAL_REVIEW_3_RGB_FRAMES,AAU_FIXED_POLE_CAMERA,ANNOTATION_SAMPLE_MEAN,DATA_LEAD_SIGNOFF_COMPLETED,"AAU sequence Ringvej-2: verified lighting=NIGHT, weather=RAIN_OR_WET_ROAD, road_type=INTERSECTION."
AAU RainSnow,Ringvej-3,INTERSECTION,RAIN_OR_WET_ROAD,TWILIGHT,ELEVATED_OBLIQUE,LOW,3.9,AAU_SITE_CONDITIONS_VISUAL_REVIEW,MANUAL_VISUAL_REVIEW_3_RGB_FRAMES,AAU_FIXED_POLE_CAMERA,ANNOTATION_SAMPLE_MEAN,DATA_LEAD_SIGNOFF_COMPLETED,"AAU sequence Ringvej-3: verified lighting=TWILIGHT, weather=RAIN_OR_WET_ROAD, road_type=INTERSECTION."
MIO-TCD Localization,MIO_NO_SEQUENCE_TRAIN_ONLY,URBAN_ROAD,CLEAR,DAY,ELEVATED_OBLIQUE,MEDIUM,5.5,MIO_TCD_PRIMARY_DAYTIME_IMAGES,MIO_TCD_PRIMARY_DAYTIME_IMAGES,MULTI_TRAFFIC_CAM_VIEWPOINTS,DATASET_WIDE_MEAN,DATA_LEAD_SIGNOFF_COMPLETED,MIO-TCD Localization localization dataset aggregate properties.
UA-DETRAC Original,MVI_20011,URBAN_ROAD,CLEAR,DAY,ELEVATED_OBLIQUE,HIGH,11.53,FROM_XML_SUNNY_NORMALIZED_TO_CLEAR,XML_ATTRIBUTES_AND_VISUAL_REVIEW,UA_DETRAC_STANDARD_OVERHEAD_CAM,XML_BBOX_COUNT_DIVIDED_BY_FRAME_COUNT,AUTO_PARSED_XML_APPROVED,"UA-DETRAC sequence MVI_20011: sence_weather='sunny', mean annotated vehicles=11.53 over 664 frames."
UA-DETRAC Original,MVI_20012,URBAN_ROAD,CLEAR,DAY,ELEVATED_OBLIQUE,MEDIUM,9.2,FROM_XML_SUNNY_NORMALIZED_TO_CLEAR,XML_ATTRIBUTES_AND_VISUAL_REVIEW,UA_DETRAC_STANDARD_OVERHEAD_CAM,XML_BBOX_COUNT_DIVIDED_BY_FRAME_COUNT,AUTO_PARSED_XML_APPROVED,"UA-DETRAC sequence MVI_20012: sence_weather='sunny', mean annotated vehicles=9.2 over 936 frames."
UA-DETRAC Original,MVI_20032,INTERSECTION,CLEAR,DAY,ELEVATED_OBLIQUE,LOW,3.79,FROM_XML_SUNNY_NORMALIZED_TO_CLEAR,XML_ATTRIBUTES_AND_VISUAL_REVIEW,UA_DETRAC_STANDARD_OVERHEAD_CAM,XML_BBOX_COUNT_DIVIDED_BY_FRAME_COUNT,AUTO_PARSED_XML_APPROVED,"UA-DETRAC sequence MVI_20032: sence_weather='sunny', mean annotated vehicles=3.79 over 437 frames."
UA-DETRAC Original,MVI_20033,INTERSECTION,CLEAR,DAY,ELEVATED_OBLIQUE,MEDIUM,6.73,FROM_XML_SUNNY_NORMALIZED_TO_CLEAR,XML_ATTRIBUTES_AND_VISUAL_REVIEW,UA_DETRAC_STANDARD_OVERHEAD_CAM,XML_BBOX_COUNT_DIVIDED_BY_FRAME_COUNT,AUTO_PARSED_XML_APPROVED,"UA-DETRAC sequence MVI_20033: sence_weather='sunny', mean annotated vehicles=6.73 over 784 frames."
UA-DETRAC Original,MVI_20034,INTERSECTION,CLEAR,DAY,ELEVATED_OBLIQUE,HIGH,12.42,FROM_XML_SUNNY_NORMALIZED_TO_CLEAR,XML_ATTRIBUTES_AND_VISUAL_REVIEW,UA_DETRAC_STANDARD_OVERHEAD_CAM,XML_BBOX_COUNT_DIVIDED_BY_FRAME_COUNT,AUTO_PARSED_XML_APPROVED,"UA-DETRAC sequence MVI_20034: sence_weather='sunny', mean annotated vehicles=12.42 over 800 frames."
UA-DETRAC Original,MVI_20035,INTERSECTION,CLEAR,DAY,ELEVATED_OBLIQUE,HIGH,14.82,FROM_XML_SUNNY_NORMALIZED_TO_CLEAR,XML_ATTRIBUTES_AND_VISUAL_REVIEW,UA_DETRAC_STANDARD_OVERHEAD_CAM,XML_BBOX_COUNT_DIVIDED_BY_FRAME_COUNT,AUTO_PARSED_XML_APPROVED,"UA-DETRAC sequence MVI_20035: sence_weather='sunny', mean annotated vehicles=14.82 over 800 frames."
UA-DETRAC Original,MVI_20051,URBAN_ROAD,CLEAR,DAY,ELEVATED_OBLIQUE,MEDIUM,9.86,FROM_XML_SUNNY_NORMALIZED_TO_CLEAR,XML_ATTRIBUTES_AND_VISUAL_REVIEW,UA_DETRAC_STANDARD_OVERHEAD_CAM,XML_BBOX_COUNT_DIVIDED_BY_FRAME_COUNT,AUTO_PARSED_XML_APPROVED,"UA-DETRAC sequence MVI_20051: sence_weather='sunny', mean annotated vehicles=9.86 over 906 frames."
UA-DETRAC Original,MVI_20052,URBAN_ROAD,CLEAR,DAY,ELEVATED_OBLIQUE,HIGH,12.04,FROM_XML_SUNNY_NORMALIZED_TO_CLEAR,XML_ATTRIBUTES_AND_VISUAL_REVIEW,UA_DETRAC_STANDARD_OVERHEAD_CAM,XML_BBOX_COUNT_DIVIDED_BY_FRAME_COUNT,AUTO_PARSED_XML_APPROVED,"UA-DETRAC sequence MVI_20052: sence_weather='sunny', mean annotated vehicles=12.04 over 694 frames."
UA-DETRAC Original,MVI_20061,URBAN_ROAD,CLEAR,DAY,ELEVATED_OBLIQUE,HIGH,11.57,FROM_XML_SUNNY_NORMALIZED_TO_CLEAR,XML_ATTRIBUTES_AND_VISUAL_REVIEW,UA_DETRAC_STANDARD_OVERHEAD_CAM,XML_BBOX_COUNT_DIVIDED_BY_FRAME_COUNT,AUTO_PARSED_XML_APPROVED,"UA-DETRAC sequence MVI_20061: sence_weather='sunny', mean annotated vehicles=11.57 over 800 frames."
UA-DETRAC Original,MVI_20062,INTERSECTION,CLEAR,DAY,ELEVATED_OBLIQUE,MEDIUM,5.58,FROM_XML_SUNNY_NORMALIZED_TO_CLEAR,XML_ATTRIBUTES_AND_VISUAL_REVIEW,UA_DETRAC_STANDARD_OVERHEAD_CAM,XML_BBOX_COUNT_DIVIDED_BY_FRAME_COUNT,AUTO_PARSED_XML_APPROVED,"UA-DETRAC sequence MVI_20062: sence_weather='sunny', mean annotated vehicles=5.58 over 800 frames."
UA-DETRAC Original,MVI_20063,INTERSECTION,CLEAR,DAY,ELEVATED_OBLIQUE,MEDIUM,7.99,FROM_XML_SUNNY_NORMALIZED_TO_CLEAR,XML_ATTRIBUTES_AND_VISUAL_REVIEW,UA_DETRAC_STANDARD_OVERHEAD_CAM,XML_BBOX_COUNT_DIVIDED_BY_FRAME_COUNT,AUTO_PARSED_XML_APPROVED,"UA-DETRAC sequence MVI_20063: sence_weather='sunny', mean annotated vehicles=7.99 over 800 frames."
UA-DETRAC Original,MVI_20064,INTERSECTION,CLEAR,DAY,ELEVATED_OBLIQUE,HIGH,17.73,FROM_XML_SUNNY_NORMALIZED_TO_CLEAR,XML_ATTRIBUTES_AND_VISUAL_REVIEW,UA_DETRAC_STANDARD_OVERHEAD_CAM,XML_BBOX_COUNT_DIVIDED_BY_FRAME_COUNT,AUTO_PARSED_XML_APPROVED,"UA-DETRAC sequence MVI_20064: sence_weather='sunny', mean annotated vehicles=17.73 over 800 frames."
UA-DETRAC Original,MVI_20065,INTERSECTION,CLEAR,DAY,ELEVATED_OBLIQUE,HIGH,14.3,FROM_XML_SUNNY_NORMALIZED_TO_CLEAR,XML_ATTRIBUTES_AND_VISUAL_REVIEW,UA_DETRAC_STANDARD_OVERHEAD_CAM,XML_BBOX_COUNT_DIVIDED_BY_FRAME_COUNT,AUTO_PARSED_XML_APPROVED,"UA-DETRAC sequence MVI_20065: sence_weather='sunny', mean annotated vehicles=14.3 over 1200 frames."
UA-DETRAC Original,MVI_39031,INTERSECTION,CLEAR,DAY,ELEVATED_OBLIQUE,MEDIUM,7.04,FROM_XML_SUNNY_NORMALIZED_TO_CLEAR,XML_ATTRIBUTES_AND_VISUAL_REVIEW,UA_DETRAC_STANDARD_OVERHEAD_CAM,XML_BBOX_COUNT_DIVIDED_BY_FRAME_COUNT,AUTO_PARSED_XML_APPROVED,"UA-DETRAC sequence MVI_39031: sence_weather='sunny', mean annotated vehicles=7.04 over 1470 frames."
UA-DETRAC Original,MVI_39051,INTERSECTION,CLEAR,DAY,ELEVATED_OBLIQUE,LOW,2.32,FROM_XML_SUNNY_NORMALIZED_TO_CLEAR,XML_ATTRIBUTES_AND_VISUAL_REVIEW,UA_DETRAC_STANDARD_OVERHEAD_CAM,XML_BBOX_COUNT_DIVIDED_BY_FRAME_COUNT,AUTO_PARSED_XML_APPROVED,"UA-DETRAC sequence MVI_39051: sence_weather='sunny', mean annotated vehicles=2.32 over 1051 frames."
UA-DETRAC Original,MVI_39211,INTERSECTION,CLEAR,DAY,ELEVATED_OBLIQUE,LOW,2.76,FROM_XML_SUNNY_NORMALIZED_TO_CLEAR,XML_ATTRIBUTES_AND_VISUAL_REVIEW,UA_DETRAC_STANDARD_OVERHEAD_CAM,XML_BBOX_COUNT_DIVIDED_BY_FRAME_COUNT,AUTO_PARSED_XML_APPROVED,"UA-DETRAC sequence MVI_39211: sence_weather='sunny', mean annotated vehicles=2.76 over 1566 frames."
UA-DETRAC Original,MVI_39271,INTERSECTION,CLEAR,DAY,ELEVATED_OBLIQUE,MEDIUM,5.43,FROM_XML_SUNNY_NORMALIZED_TO_CLEAR,XML_ATTRIBUTES_AND_VISUAL_REVIEW,UA_DETRAC_STANDARD_OVERHEAD_CAM,XML_BBOX_COUNT_DIVIDED_BY_FRAME_COUNT,AUTO_PARSED_XML_APPROVED,"UA-DETRAC sequence MVI_39271: sence_weather='sunny', mean annotated vehicles=5.43 over 1566 frames."
UA-DETRAC Original,MVI_39311,INTERSECTION,CLEAR,DAY,ELEVATED_OBLIQUE,HIGH,14.92,FROM_XML_SUNNY_NORMALIZED_TO_CLEAR,XML_ATTRIBUTES_AND_VISUAL_REVIEW,UA_DETRAC_STANDARD_OVERHEAD_CAM,XML_BBOX_COUNT_DIVIDED_BY_FRAME_COUNT,AUTO_PARSED_XML_APPROVED,"UA-DETRAC sequence MVI_39311: sence_weather='sunny', mean annotated vehicles=14.92 over 1505 frames."
UA-DETRAC Original,MVI_39361,INTERSECTION,CLEAR,DAY,ELEVATED_OBLIQUE,MEDIUM,5.96,FROM_XML_SUNNY_NORMALIZED_TO_CLEAR,XML_ATTRIBUTES_AND_VISUAL_REVIEW,UA_DETRAC_STANDARD_OVERHEAD_CAM,XML_BBOX_COUNT_DIVIDED_BY_FRAME_COUNT,AUTO_PARSED_XML_APPROVED,"UA-DETRAC sequence MVI_39361: sence_weather='sunny', mean annotated vehicles=5.96 over 2030 frames."
UA-DETRAC Original,MVI_39371,INTERSECTION,CLEAR,DAY,ELEVATED_OBLIQUE,MEDIUM,4.67,FROM_XML_SUNNY_NORMALIZED_TO_CLEAR,XML_ATTRIBUTES_AND_VISUAL_REVIEW,UA_DETRAC_STANDARD_OVERHEAD_CAM,XML_BBOX_COUNT_DIVIDED_BY_FRAME_COUNT,AUTO_PARSED_XML_APPROVED,"UA-DETRAC sequence MVI_39371: sence_weather='sunny', mean annotated vehicles=4.67 over 1390 frames."
UA-DETRAC Original,MVI_39401,INTERSECTION,CLEAR,DAY,ELEVATED_OBLIQUE,HIGH,10.18,FROM_XML_SUNNY_NORMALIZED_TO_CLEAR,XML_ATTRIBUTES_AND_VISUAL_REVIEW,UA_DETRAC_STANDARD_OVERHEAD_CAM,XML_BBOX_COUNT_DIVIDED_BY_FRAME_COUNT,AUTO_PARSED_XML_APPROVED,"UA-DETRAC sequence MVI_39401: sence_weather='sunny', mean annotated vehicles=10.18 over 1385 frames."
UA-DETRAC Original,MVI_39501,URBAN_ROAD,CLOUDY,DAY,ELEVATED_OBLIQUE,HIGH,10.7,FROM_XML_CLOUDY,XML_ATTRIBUTES_AND_VISUAL_REVIEW,UA_DETRAC_STANDARD_OVERHEAD_CAM,XML_BBOX_COUNT_DIVIDED_BY_FRAME_COUNT,AUTO_PARSED_XML_APPROVED,"UA-DETRAC sequence MVI_39501: sence_weather='cloudy', mean annotated vehicles=10.7 over 540 frames."
UA-DETRAC Original,MVI_39511,URBAN_ROAD,CLOUDY,DAY,ELEVATED_OBLIQUE,MEDIUM,6.23,FROM_XML_CLOUDY,XML_ATTRIBUTES_AND_VISUAL_REVIEW,UA_DETRAC_STANDARD_OVERHEAD_CAM,XML_BBOX_COUNT_DIVIDED_BY_FRAME_COUNT,AUTO_PARSED_XML_APPROVED,"UA-DETRAC sequence MVI_39511: sence_weather='cloudy', mean annotated vehicles=6.23 over 380 frames."
UA-DETRAC Original,MVI_39761,URBAN_ROAD,CLEAR,NIGHT,ELEVATED_OBLIQUE,LOW,2.81,FROM_XML_NIGHT_REASSIGNED_TO_LIGHTING,XML_ATTRIBUTES_AND_VISUAL_REVIEW,UA_DETRAC_STANDARD_OVERHEAD_CAM,XML_BBOX_COUNT_DIVIDED_BY_FRAME_COUNT,AUTO_PARSED_XML_APPROVED,"UA-DETRAC sequence MVI_39761: sence_weather='night', mean annotated vehicles=2.81 over 1323 frames."
UA-DETRAC Original,MVI_39771,URBAN_ROAD,CLEAR,NIGHT,ELEVATED_OBLIQUE,MEDIUM,6.32,FROM_XML_NIGHT_REASSIGNED_TO_LIGHTING,XML_ATTRIBUTES_AND_VISUAL_REVIEW,UA_DETRAC_STANDARD_OVERHEAD_CAM,XML_BBOX_COUNT_DIVIDED_BY_FRAME_COUNT,AUTO_PARSED_XML_APPROVED,"UA-DETRAC sequence MVI_39771: sence_weather='night', mean annotated vehicles=6.32 over 570 frames."
UA-DETRAC Original,MVI_39781,URBAN_ROAD,CLEAR,NIGHT,ELEVATED_OBLIQUE,MEDIUM,4.11,FROM_XML_NIGHT_REASSIGNED_TO_LIGHTING,XML_ATTRIBUTES_AND_VISUAL_REVIEW,UA_DETRAC_STANDARD_OVERHEAD_CAM,XML_BBOX_COUNT_DIVIDED_BY_FRAME_COUNT,AUTO_PARSED_XML_APPROVED,"UA-DETRAC sequence MVI_39781: sence_weather='night', mean annotated vehicles=4.11 over 1861 frames."
UA-DETRAC Original,MVI_39801,URBAN_ROAD,CLEAR,NIGHT,ELEVATED_OBLIQUE,MEDIUM,5.48,FROM_XML_NIGHT_REASSIGNED_TO_LIGHTING,XML_ATTRIBUTES_AND_VISUAL_REVIEW,UA_DETRAC_STANDARD_OVERHEAD_CAM,XML_BBOX_COUNT_DIVIDED_BY_FRAME_COUNT,AUTO_PARSED_XML_APPROVED,"UA-DETRAC sequence MVI_39801: sence_weather='night', mean annotated vehicles=5.48 over 885 frames."
UA-DETRAC Original,MVI_39811,URBAN_ROAD,CLEAR,NIGHT,ELEVATED_OBLIQUE,LOW,1.2,FROM_XML_NIGHT_REASSIGNED_TO_LIGHTING,XML_ATTRIBUTES_AND_VISUAL_REVIEW,UA_DETRAC_STANDARD_OVERHEAD_CAM,XML_BBOX_COUNT_DIVIDED_BY_FRAME_COUNT,AUTO_PARSED_XML_APPROVED,"UA-DETRAC sequence MVI_39811: sence_weather='night', mean annotated vehicles=1.2 over 500 frames."
UA-DETRAC Original,MVI_39821,URBAN_ROAD,CLEAR,NIGHT,ELEVATED_OBLIQUE,MEDIUM,4.77,FROM_XML_NIGHT_REASSIGNED_TO_LIGHTING,XML_ATTRIBUTES_AND_VISUAL_REVIEW,UA_DETRAC_STANDARD_OVERHEAD_CAM,XML_BBOX_COUNT_DIVIDED_BY_FRAME_COUNT,AUTO_PARSED_XML_APPROVED,"UA-DETRAC sequence MVI_39821: sence_weather='night', mean annotated vehicles=4.77 over 880 frames."
UA-DETRAC Original,MVI_39851,URBAN_ROAD,CLEAR,NIGHT,ELEVATED_OBLIQUE,LOW,3.99,FROM_XML_NIGHT_REASSIGNED_TO_LIGHTING,XML_ATTRIBUTES_AND_VISUAL_REVIEW,UA_DETRAC_STANDARD_OVERHEAD_CAM,XML_BBOX_COUNT_DIVIDED_BY_FRAME_COUNT,AUTO_PARSED_XML_APPROVED,"UA-DETRAC sequence MVI_39851: sence_weather='night', mean annotated vehicles=3.99 over 1286 frames."
UA-DETRAC Original,MVI_39861,URBAN_ROAD,CLEAR,NIGHT,ELEVATED_OBLIQUE,LOW,3.21,FROM_XML_NIGHT_REASSIGNED_TO_LIGHTING,XML_ATTRIBUTES_AND_VISUAL_REVIEW,UA_DETRAC_STANDARD_OVERHEAD_CAM,XML_BBOX_COUNT_DIVIDED_BY_FRAME_COUNT,AUTO_PARSED_XML_APPROVED,"UA-DETRAC sequence MVI_39861: sence_weather='night', mean annotated vehicles=3.21 over 745 frames."
UA-DETRAC Original,MVI_39931,URBAN_ROAD,CLOUDY,DAY,ELEVATED_OBLIQUE,LOW,3.63,FROM_XML_CLOUDY,XML_ATTRIBUTES_AND_VISUAL_REVIEW,UA_DETRAC_STANDARD_OVERHEAD_CAM,XML_BBOX_COUNT_DIVIDED_BY_FRAME_COUNT,AUTO_PARSED_XML_APPROVED,"UA-DETRAC sequence MVI_39931: sence_weather='cloudy', mean annotated vehicles=3.63 over 1082 frames."
UA-DETRAC Original,MVI_40131,URBAN_ROAD,CLOUDY,DAY,ELEVATED_OBLIQUE,MEDIUM,9.32,FROM_XML_CLOUDY,XML_ATTRIBUTES_AND_VISUAL_REVIEW,UA_DETRAC_STANDARD_OVERHEAD_CAM,XML_BBOX_COUNT_DIVIDED_BY_FRAME_COUNT,AUTO_PARSED_XML_APPROVED,"UA-DETRAC sequence MVI_40131: sence_weather='cloudy', mean annotated vehicles=9.32 over 1645 frames."
UA-DETRAC Original,MVI_40141,URBAN_ROAD,CLOUDY,DAY,ELEVATED_OBLIQUE,LOW,3.89,FROM_XML_CLOUDY,XML_ATTRIBUTES_AND_VISUAL_REVIEW,UA_DETRAC_STANDARD_OVERHEAD_CAM,XML_BBOX_COUNT_DIVIDED_BY_FRAME_COUNT,AUTO_PARSED_XML_APPROVED,"UA-DETRAC sequence MVI_40141: sence_weather='cloudy', mean annotated vehicles=3.89 over 1600 frames."
UA-DETRAC Original,MVI_40152,URBAN_ROAD,CLOUDY,DAY,ELEVATED_OBLIQUE,LOW,3.21,FROM_XML_CLOUDY,XML_ATTRIBUTES_AND_VISUAL_REVIEW,UA_DETRAC_STANDARD_OVERHEAD_CAM,XML_BBOX_COUNT_DIVIDED_BY_FRAME_COUNT,AUTO_PARSED_XML_APPROVED,"UA-DETRAC sequence MVI_40152: sence_weather='cloudy', mean annotated vehicles=3.21 over 1746 frames."
UA-DETRAC Original,MVI_40161,URBAN_ROAD,CLOUDY,DAY,ELEVATED_OBLIQUE,MEDIUM,4.45,FROM_XML_CLOUDY,XML_ATTRIBUTES_AND_VISUAL_REVIEW,UA_DETRAC_STANDARD_OVERHEAD_CAM,XML_BBOX_COUNT_DIVIDED_BY_FRAME_COUNT,AUTO_PARSED_XML_APPROVED,"UA-DETRAC sequence MVI_40161: sence_weather='cloudy', mean annotated vehicles=4.45 over 1490 frames."
UA-DETRAC Original,MVI_40162,URBAN_ROAD,CLOUDY,DAY,ELEVATED_OBLIQUE,MEDIUM,6.52,FROM_XML_CLOUDY,XML_ATTRIBUTES_AND_VISUAL_REVIEW,UA_DETRAC_STANDARD_OVERHEAD_CAM,XML_BBOX_COUNT_DIVIDED_BY_FRAME_COUNT,AUTO_PARSED_XML_APPROVED,"UA-DETRAC sequence MVI_40162: sence_weather='cloudy', mean annotated vehicles=6.52 over 1726 frames."
UA-DETRAC Original,MVI_40171,URBAN_ROAD,CLOUDY,DAY,ELEVATED_OBLIQUE,MEDIUM,7.76,FROM_XML_CLOUDY,XML_ATTRIBUTES_AND_VISUAL_REVIEW,UA_DETRAC_STANDARD_OVERHEAD_CAM,XML_BBOX_COUNT_DIVIDED_BY_FRAME_COUNT,AUTO_PARSED_XML_APPROVED,"UA-DETRAC sequence MVI_40171: sence_weather='cloudy', mean annotated vehicles=7.76 over 1150 frames."
UA-DETRAC Original,MVI_40172,URBAN_ROAD,CLOUDY,DAY,ELEVATED_OBLIQUE,MEDIUM,6.89,FROM_XML_CLOUDY,XML_ATTRIBUTES_AND_VISUAL_REVIEW,UA_DETRAC_STANDARD_OVERHEAD_CAM,XML_BBOX_COUNT_DIVIDED_BY_FRAME_COUNT,AUTO_PARSED_XML_APPROVED,"UA-DETRAC sequence MVI_40172: sence_weather='cloudy', mean annotated vehicles=6.89 over 2635 frames."
UA-DETRAC Original,MVI_40181,URBAN_ROAD,CLOUDY,DAY,ELEVATED_OBLIQUE,MEDIUM,4.19,FROM_XML_CLOUDY,XML_ATTRIBUTES_AND_VISUAL_REVIEW,UA_DETRAC_STANDARD_OVERHEAD_CAM,XML_BBOX_COUNT_DIVIDED_BY_FRAME_COUNT,AUTO_PARSED_XML_APPROVED,"UA-DETRAC sequence MVI_40181: sence_weather='cloudy', mean annotated vehicles=4.19 over 1700 frames."
UA-DETRAC Original,MVI_40191,HIGHWAY,CLOUDY,DAY,ELEVATED_OBLIQUE,HIGH,15.39,FROM_XML_CLOUDY,XML_ATTRIBUTES_AND_VISUAL_REVIEW,UA_DETRAC_STANDARD_OVERHEAD_CAM,XML_BBOX_COUNT_DIVIDED_BY_FRAME_COUNT,AUTO_PARSED_XML_APPROVED,"UA-DETRAC sequence MVI_40191: sence_weather='cloudy', mean annotated vehicles=15.39 over 2495 frames."
UA-DETRAC Original,MVI_40192,HIGHWAY,CLOUDY,DAY,ELEVATED_OBLIQUE,HIGH,12.84,FROM_XML_CLOUDY,XML_ATTRIBUTES_AND_VISUAL_REVIEW,UA_DETRAC_STANDARD_OVERHEAD_CAM,XML_BBOX_COUNT_DIVIDED_BY_FRAME_COUNT,AUTO_PARSED_XML_APPROVED,"UA-DETRAC sequence MVI_40192: sence_weather='cloudy', mean annotated vehicles=12.84 over 2195 frames."
UA-DETRAC Original,MVI_40201,URBAN_ROAD,CLOUDY,DAY,ELEVATED_OBLIQUE,HIGH,11.81,FROM_XML_CLOUDY,XML_ATTRIBUTES_AND_VISUAL_REVIEW,UA_DETRAC_STANDARD_OVERHEAD_CAM,XML_BBOX_COUNT_DIVIDED_BY_FRAME_COUNT,AUTO_PARSED_XML_APPROVED,"UA-DETRAC sequence MVI_40201: sence_weather='cloudy', mean annotated vehicles=11.81 over 925 frames."
UA-DETRAC Original,MVI_40204,URBAN_ROAD,CLOUDY,DAY,ELEVATED_OBLIQUE,HIGH,18.31,FROM_XML_CLOUDY,XML_ATTRIBUTES_AND_VISUAL_REVIEW,UA_DETRAC_STANDARD_OVERHEAD_CAM,XML_BBOX_COUNT_DIVIDED_BY_FRAME_COUNT,AUTO_PARSED_XML_APPROVED,"UA-DETRAC sequence MVI_40204: sence_weather='cloudy', mean annotated vehicles=18.31 over 1225 frames."
UA-DETRAC Original,MVI_40211,URBAN_ROAD,CLOUDY,DAY,ELEVATED_OBLIQUE,LOW,3.58,FROM_XML_CLOUDY,XML_ATTRIBUTES_AND_VISUAL_REVIEW,UA_DETRAC_STANDARD_OVERHEAD_CAM,XML_BBOX_COUNT_DIVIDED_BY_FRAME_COUNT,AUTO_PARSED_XML_APPROVED,"UA-DETRAC sequence MVI_40211: sence_weather='cloudy', mean annotated vehicles=3.58 over 1923 frames."
UA-DETRAC Original,MVI_40212,URBAN_ROAD,CLOUDY,DAY,ELEVATED_OBLIQUE,MEDIUM,4.66,FROM_XML_CLOUDY,XML_ATTRIBUTES_AND_VISUAL_REVIEW,UA_DETRAC_STANDARD_OVERHEAD_CAM,XML_BBOX_COUNT_DIVIDED_BY_FRAME_COUNT,AUTO_PARSED_XML_APPROVED,"UA-DETRAC sequence MVI_40212: sence_weather='cloudy', mean annotated vehicles=4.66 over 1690 frames."
UA-DETRAC Original,MVI_40213,URBAN_ROAD,CLOUDY,DAY,ELEVATED_OBLIQUE,MEDIUM,4.32,FROM_XML_CLOUDY,XML_ATTRIBUTES_AND_VISUAL_REVIEW,UA_DETRAC_STANDARD_OVERHEAD_CAM,XML_BBOX_COUNT_DIVIDED_BY_FRAME_COUNT,AUTO_PARSED_XML_APPROVED,"UA-DETRAC sequence MVI_40213: sence_weather='cloudy', mean annotated vehicles=4.32 over 1782 frames."
UA-DETRAC Original,MVI_40241,HIGHWAY,CLOUDY,DAY,ELEVATED_OBLIQUE,MEDIUM,9.2,FROM_XML_CLOUDY,XML_ATTRIBUTES_AND_VISUAL_REVIEW,UA_DETRAC_STANDARD_OVERHEAD_CAM,XML_BBOX_COUNT_DIVIDED_BY_FRAME_COUNT,AUTO_PARSED_XML_APPROVED,"UA-DETRAC sequence MVI_40241: sence_weather='cloudy', mean annotated vehicles=9.2 over 2320 frames."
UA-DETRAC Original,MVI_40243,HIGHWAY,CLOUDY,DAY,ELEVATED_OBLIQUE,MEDIUM,8.34,FROM_XML_CLOUDY,XML_ATTRIBUTES_AND_VISUAL_REVIEW,UA_DETRAC_STANDARD_OVERHEAD_CAM,XML_BBOX_COUNT_DIVIDED_BY_FRAME_COUNT,AUTO_PARSED_XML_APPROVED,"UA-DETRAC sequence MVI_40243: sence_weather='cloudy', mean annotated vehicles=8.34 over 1265 frames."
UA-DETRAC Original,MVI_40244,HIGHWAY,CLOUDY,DAY,ELEVATED_OBLIQUE,MEDIUM,6.55,FROM_XML_CLOUDY,XML_ATTRIBUTES_AND_VISUAL_REVIEW,UA_DETRAC_STANDARD_OVERHEAD_CAM,XML_BBOX_COUNT_DIVIDED_BY_FRAME_COUNT,AUTO_PARSED_XML_APPROVED,"UA-DETRAC sequence MVI_40244: sence_weather='cloudy', mean annotated vehicles=6.55 over 1345 frames."
UA-DETRAC Original,MVI_40701,URBAN_ROAD,CLOUDY,DAY,ELEVATED_OBLIQUE,HIGH,14.05,FROM_XML_CLOUDY,XML_ATTRIBUTES_AND_VISUAL_REVIEW,UA_DETRAC_STANDARD_OVERHEAD_CAM,XML_BBOX_COUNT_DIVIDED_BY_FRAME_COUNT,AUTO_PARSED_XML_APPROVED,"UA-DETRAC sequence MVI_40701: sence_weather='cloudy', mean annotated vehicles=14.05 over 1130 frames."
UA-DETRAC Original,MVI_40711,URBAN_ROAD,CLOUDY,DAY,ELEVATED_OBLIQUE,MEDIUM,7.6,FROM_XML_CLOUDY,XML_ATTRIBUTES_AND_VISUAL_REVIEW,UA_DETRAC_STANDARD_OVERHEAD_CAM,XML_BBOX_COUNT_DIVIDED_BY_FRAME_COUNT,AUTO_PARSED_XML_APPROVED,"UA-DETRAC sequence MVI_40711: sence_weather='cloudy', mean annotated vehicles=7.6 over 1030 frames."
UA-DETRAC Original,MVI_40712,URBAN_ROAD,CLOUDY,DAY,ELEVATED_OBLIQUE,MEDIUM,9.84,FROM_XML_CLOUDY,XML_ATTRIBUTES_AND_VISUAL_REVIEW,UA_DETRAC_STANDARD_OVERHEAD_CAM,XML_BBOX_COUNT_DIVIDED_BY_FRAME_COUNT,AUTO_PARSED_XML_APPROVED,"UA-DETRAC sequence MVI_40712: sence_weather='cloudy', mean annotated vehicles=9.84 over 2400 frames."
UA-DETRAC Original,MVI_40714,URBAN_ROAD,CLOUDY,DAY,ELEVATED_OBLIQUE,HIGH,28.76,FROM_XML_CLOUDY,XML_ATTRIBUTES_AND_VISUAL_REVIEW,UA_DETRAC_STANDARD_OVERHEAD_CAM,XML_BBOX_COUNT_DIVIDED_BY_FRAME_COUNT,AUTO_PARSED_XML_APPROVED,"UA-DETRAC sequence MVI_40714: sence_weather='cloudy', mean annotated vehicles=28.76 over 1180 frames."
UA-DETRAC Original,MVI_40732,URBAN_ROAD,CLEAR,NIGHT,ELEVATED_OBLIQUE,MEDIUM,5.43,FROM_XML_NIGHT_REASSIGNED_TO_LIGHTING,XML_ATTRIBUTES_AND_VISUAL_REVIEW,UA_DETRAC_STANDARD_OVERHEAD_CAM,XML_BBOX_COUNT_DIVIDED_BY_FRAME_COUNT,AUTO_PARSED_XML_APPROVED,"UA-DETRAC sequence MVI_40732: sence_weather='night', mean annotated vehicles=5.43 over 2120 frames."
UA-DETRAC Original,MVI_40742,URBAN_ROAD,CLEAR,NIGHT,ELEVATED_OBLIQUE,HIGH,15.19,FROM_XML_NIGHT_REASSIGNED_TO_LIGHTING,XML_ATTRIBUTES_AND_VISUAL_REVIEW,UA_DETRAC_STANDARD_OVERHEAD_CAM,XML_BBOX_COUNT_DIVIDED_BY_FRAME_COUNT,AUTO_PARSED_XML_APPROVED,"UA-DETRAC sequence MVI_40742: sence_weather='night', mean annotated vehicles=15.19 over 1655 frames."
UA-DETRAC Original,MVI_40743,URBAN_ROAD,CLEAR,NIGHT,ELEVATED_OBLIQUE,MEDIUM,8.45,FROM_XML_NIGHT_REASSIGNED_TO_LIGHTING,XML_ATTRIBUTES_AND_VISUAL_REVIEW,UA_DETRAC_STANDARD_OVERHEAD_CAM,XML_BBOX_COUNT_DIVIDED_BY_FRAME_COUNT,AUTO_PARSED_XML_APPROVED,"UA-DETRAC sequence MVI_40743: sence_weather='night', mean annotated vehicles=8.45 over 1629 frames."
UA-DETRAC Original,MVI_40751,URBAN_ROAD,CLEAR,NIGHT,ELEVATED_OBLIQUE,MEDIUM,6.45,FROM_XML_NIGHT_REASSIGNED_TO_LIGHTING,XML_ATTRIBUTES_AND_VISUAL_REVIEW,UA_DETRAC_STANDARD_OVERHEAD_CAM,XML_BBOX_COUNT_DIVIDED_BY_FRAME_COUNT,AUTO_PARSED_XML_APPROVED,"UA-DETRAC sequence MVI_40751: sence_weather='night', mean annotated vehicles=6.45 over 1145 frames."
UA-DETRAC Original,MVI_40752,URBAN_ROAD,CLEAR,NIGHT,ELEVATED_OBLIQUE,MEDIUM,8.32,FROM_XML_NIGHT_REASSIGNED_TO_LIGHTING,XML_ATTRIBUTES_AND_VISUAL_REVIEW,UA_DETRAC_STANDARD_OVERHEAD_CAM,XML_BBOX_COUNT_DIVIDED_BY_FRAME_COUNT,AUTO_PARSED_XML_APPROVED,"UA-DETRAC sequence MVI_40752: sence_weather='night', mean annotated vehicles=8.32 over 2025 frames."
UA-DETRAC Original,MVI_40761,URBAN_ROAD,CLEAR,NIGHT,ELEVATED_OBLIQUE,HIGH,10.34,FROM_XML_NIGHT_REASSIGNED_TO_LIGHTING,XML_ATTRIBUTES_AND_VISUAL_REVIEW,UA_DETRAC_STANDARD_OVERHEAD_CAM,XML_BBOX_COUNT_DIVIDED_BY_FRAME_COUNT,AUTO_PARSED_XML_APPROVED,"UA-DETRAC sequence MVI_40761: sence_weather='night', mean annotated vehicles=10.34 over 2030 frames."
UA-DETRAC Original,MVI_40762,URBAN_ROAD,CLEAR,NIGHT,ELEVATED_OBLIQUE,MEDIUM,8.21,FROM_XML_NIGHT_REASSIGNED_TO_LIGHTING,XML_ATTRIBUTES_AND_VISUAL_REVIEW,UA_DETRAC_STANDARD_OVERHEAD_CAM,XML_BBOX_COUNT_DIVIDED_BY_FRAME_COUNT,AUTO_PARSED_XML_APPROVED,"UA-DETRAC sequence MVI_40762: sence_weather='night', mean annotated vehicles=8.21 over 1825 frames."
UA-DETRAC Original,MVI_40763,URBAN_ROAD,CLEAR,NIGHT,ELEVATED_OBLIQUE,MEDIUM,5.71,FROM_XML_NIGHT_REASSIGNED_TO_LIGHTING,XML_ATTRIBUTES_AND_VISUAL_REVIEW,UA_DETRAC_STANDARD_OVERHEAD_CAM,XML_BBOX_COUNT_DIVIDED_BY_FRAME_COUNT,AUTO_PARSED_XML_APPROVED,"UA-DETRAC sequence MVI_40763: sence_weather='night', mean annotated vehicles=5.71 over 1741 frames."
UA-DETRAC Original,MVI_40771,URBAN_ROAD,CLEAR,NIGHT,ELEVATED_OBLIQUE,MEDIUM,6.47,FROM_XML_NIGHT_REASSIGNED_TO_LIGHTING,XML_ATTRIBUTES_AND_VISUAL_REVIEW,UA_DETRAC_STANDARD_OVERHEAD_CAM,XML_BBOX_COUNT_DIVIDED_BY_FRAME_COUNT,AUTO_PARSED_XML_APPROVED,"UA-DETRAC sequence MVI_40771: sence_weather='night', mean annotated vehicles=6.47 over 1720 frames."
UA-DETRAC Original,MVI_40772,URBAN_ROAD,CLEAR,NIGHT,ELEVATED_OBLIQUE,HIGH,12.93,FROM_XML_NIGHT_REASSIGNED_TO_LIGHTING,XML_ATTRIBUTES_AND_VISUAL_REVIEW,UA_DETRAC_STANDARD_OVERHEAD_CAM,XML_BBOX_COUNT_DIVIDED_BY_FRAME_COUNT,AUTO_PARSED_XML_APPROVED,"UA-DETRAC sequence MVI_40772: sence_weather='night', mean annotated vehicles=12.93 over 1200 frames."
UA-DETRAC Original,MVI_40773,URBAN_ROAD,CLEAR,NIGHT,ELEVATED_OBLIQUE,MEDIUM,8.03,FROM_XML_NIGHT_REASSIGNED_TO_LIGHTING,XML_ATTRIBUTES_AND_VISUAL_REVIEW,UA_DETRAC_STANDARD_OVERHEAD_CAM,XML_BBOX_COUNT_DIVIDED_BY_FRAME_COUNT,AUTO_PARSED_XML_APPROVED,"UA-DETRAC sequence MVI_40773: sence_weather='night', mean annotated vehicles=8.03 over 985 frames."
UA-DETRAC Original,MVI_40774,URBAN_ROAD,CLEAR,NIGHT,ELEVATED_OBLIQUE,MEDIUM,6.09,FROM_XML_NIGHT_REASSIGNED_TO_LIGHTING,XML_ATTRIBUTES_AND_VISUAL_REVIEW,UA_DETRAC_STANDARD_OVERHEAD_CAM,XML_BBOX_COUNT_DIVIDED_BY_FRAME_COUNT,AUTO_PARSED_XML_APPROVED,"UA-DETRAC sequence MVI_40774: sence_weather='night', mean annotated vehicles=6.09 over 950 frames."
UA-DETRAC Original,MVI_40775,URBAN_ROAD,CLEAR,NIGHT,ELEVATED_OBLIQUE,HIGH,11.45,FROM_XML_NIGHT_REASSIGNED_TO_LIGHTING,XML_ATTRIBUTES_AND_VISUAL_REVIEW,UA_DETRAC_STANDARD_OVERHEAD_CAM,XML_BBOX_COUNT_DIVIDED_BY_FRAME_COUNT,AUTO_PARSED_XML_APPROVED,"UA-DETRAC sequence MVI_40775: sence_weather='night', mean annotated vehicles=11.45 over 975 frames."
UA-DETRAC Original,MVI_40792,URBAN_ROAD,CLEAR,NIGHT,ELEVATED_OBLIQUE,MEDIUM,6.68,FROM_XML_NIGHT_REASSIGNED_TO_LIGHTING,XML_ATTRIBUTES_AND_VISUAL_REVIEW,UA_DETRAC_STANDARD_OVERHEAD_CAM,XML_BBOX_COUNT_DIVIDED_BY_FRAME_COUNT,AUTO_PARSED_XML_APPROVED,"UA-DETRAC sequence MVI_40792: sence_weather='night', mean annotated vehicles=6.68 over 1810 frames."
UA-DETRAC Original,MVI_40793,URBAN_ROAD,CLEAR,NIGHT,ELEVATED_OBLIQUE,MEDIUM,9.59,FROM_XML_NIGHT_REASSIGNED_TO_LIGHTING,XML_ATTRIBUTES_AND_VISUAL_REVIEW,UA_DETRAC_STANDARD_OVERHEAD_CAM,XML_BBOX_COUNT_DIVIDED_BY_FRAME_COUNT,AUTO_PARSED_XML_APPROVED,"UA-DETRAC sequence MVI_40793: sence_weather='night', mean annotated vehicles=9.59 over 1959 frames."
UA-DETRAC Original,MVI_40851,INTERSECTION,CLOUDY,DAY,ELEVATED_OBLIQUE,HIGH,13.39,FROM_XML_CLOUDY,XML_ATTRIBUTES_AND_VISUAL_REVIEW,UA_DETRAC_STANDARD_OVERHEAD_CAM,XML_BBOX_COUNT_DIVIDED_BY_FRAME_COUNT,AUTO_PARSED_XML_APPROVED,"UA-DETRAC sequence MVI_40851: sence_weather='cloudy', mean annotated vehicles=13.39 over 1140 frames."
UA-DETRAC Original,MVI_40852,URBAN_ROAD,CLOUDY,DAY,ELEVATED_OBLIQUE,HIGH,18.08,FROM_XML_CLOUDY,XML_ATTRIBUTES_AND_VISUAL_REVIEW,UA_DETRAC_STANDARD_OVERHEAD_CAM,XML_BBOX_COUNT_DIVIDED_BY_FRAME_COUNT,AUTO_PARSED_XML_APPROVED,"UA-DETRAC sequence MVI_40852: sence_weather='cloudy', mean annotated vehicles=18.08 over 1150 frames."
UA-DETRAC Original,MVI_40853,URBAN_ROAD,CLOUDY,DAY,ELEVATED_OBLIQUE,HIGH,21.2,FROM_XML_CLOUDY,XML_ATTRIBUTES_AND_VISUAL_REVIEW,UA_DETRAC_STANDARD_OVERHEAD_CAM,XML_BBOX_COUNT_DIVIDED_BY_FRAME_COUNT,AUTO_PARSED_XML_APPROVED,"UA-DETRAC sequence MVI_40853: sence_weather='cloudy', mean annotated vehicles=21.2 over 1590 frames."
UA-DETRAC Original,MVI_40854,URBAN_ROAD,CLOUDY,DAY,ELEVATED_OBLIQUE,HIGH,16.82,FROM_XML_CLOUDY,XML_ATTRIBUTES_AND_VISUAL_REVIEW,UA_DETRAC_STANDARD_OVERHEAD_CAM,XML_BBOX_COUNT_DIVIDED_BY_FRAME_COUNT,AUTO_PARSED_XML_APPROVED,"UA-DETRAC sequence MVI_40854: sence_weather='cloudy', mean annotated vehicles=16.82 over 1195 frames."
UA-DETRAC Original,MVI_40855,URBAN_ROAD,CLOUDY,DAY,ELEVATED_OBLIQUE,HIGH,27.61,FROM_XML_CLOUDY,XML_ATTRIBUTES_AND_VISUAL_REVIEW,UA_DETRAC_STANDARD_OVERHEAD_CAM,XML_BBOX_COUNT_DIVIDED_BY_FRAME_COUNT,AUTO_PARSED_XML_APPROVED,"UA-DETRAC sequence MVI_40855: sence_weather='cloudy', mean annotated vehicles=27.61 over 1090 frames."
UA-DETRAC Original,MVI_40863,URBAN_ROAD,RAIN,DAY,ELEVATED_OBLIQUE,HIGH,19.58,FROM_XML_RAINY,XML_ATTRIBUTES_AND_VISUAL_REVIEW,UA_DETRAC_STANDARD_OVERHEAD_CAM,XML_BBOX_COUNT_DIVIDED_BY_FRAME_COUNT,AUTO_PARSED_XML_APPROVED,"UA-DETRAC sequence MVI_40863: sence_weather='rainy', mean annotated vehicles=19.58 over 1670 frames."
UA-DETRAC Original,MVI_40864,URBAN_ROAD,RAIN,DAY,ELEVATED_OBLIQUE,HIGH,29.5,FROM_XML_RAINY,XML_ATTRIBUTES_AND_VISUAL_REVIEW,UA_DETRAC_STANDARD_OVERHEAD_CAM,XML_BBOX_COUNT_DIVIDED_BY_FRAME_COUNT,AUTO_PARSED_XML_APPROVED,"UA-DETRAC sequence MVI_40864: sence_weather='rainy', mean annotated vehicles=29.5 over 1515 frames."
UA-DETRAC Original,MVI_40871,INTERSECTION,RAIN,DAY,ELEVATED_OBLIQUE,HIGH,21.29,FROM_XML_RAINY,XML_ATTRIBUTES_AND_VISUAL_REVIEW,UA_DETRAC_STANDARD_OVERHEAD_CAM,XML_BBOX_COUNT_DIVIDED_BY_FRAME_COUNT,AUTO_PARSED_XML_APPROVED,"UA-DETRAC sequence MVI_40871: sence_weather='rainy', mean annotated vehicles=21.29 over 1720 frames."
UA-DETRAC Original,MVI_40891,URBAN_ROAD,RAIN,DAY,ELEVATED_OBLIQUE,HIGH,18.21,FROM_XML_RAINY,XML_ATTRIBUTES_AND_VISUAL_REVIEW,UA_DETRAC_STANDARD_OVERHEAD_CAM,XML_BBOX_COUNT_DIVIDED_BY_FRAME_COUNT,AUTO_PARSED_XML_APPROVED,"UA-DETRAC sequence MVI_40891: sence_weather='rainy', mean annotated vehicles=18.21 over 1545 frames."
UA-DETRAC Original,MVI_40892,URBAN_ROAD,RAIN,DAY,ELEVATED_OBLIQUE,HIGH,20.58,FROM_XML_RAINY,XML_ATTRIBUTES_AND_VISUAL_REVIEW,UA_DETRAC_STANDARD_OVERHEAD_CAM,XML_BBOX_COUNT_DIVIDED_BY_FRAME_COUNT,AUTO_PARSED_XML_APPROVED,"UA-DETRAC sequence MVI_40892: sence_weather='rainy', mean annotated vehicles=20.58 over 1790 frames."
UA-DETRAC Original,MVI_40901,URBAN_ROAD,RAIN,DAY,ELEVATED_OBLIQUE,MEDIUM,8.83,FROM_XML_RAINY,XML_ATTRIBUTES_AND_VISUAL_REVIEW,UA_DETRAC_STANDARD_OVERHEAD_CAM,XML_BBOX_COUNT_DIVIDED_BY_FRAME_COUNT,AUTO_PARSED_XML_APPROVED,"UA-DETRAC sequence MVI_40901: sence_weather='rainy', mean annotated vehicles=8.83 over 1335 frames."
UA-DETRAC Original,MVI_40902,URBAN_ROAD,RAIN,DAY,ELEVATED_OBLIQUE,MEDIUM,9.56,FROM_XML_RAINY,XML_ATTRIBUTES_AND_VISUAL_REVIEW,UA_DETRAC_STANDARD_OVERHEAD_CAM,XML_BBOX_COUNT_DIVIDED_BY_FRAME_COUNT,AUTO_PARSED_XML_APPROVED,"UA-DETRAC sequence MVI_40902: sence_weather='rainy', mean annotated vehicles=9.56 over 1005 frames."
UA-DETRAC Original,MVI_40903,URBAN_ROAD,RAIN,DAY,ELEVATED_OBLIQUE,HIGH,21.1,FROM_XML_RAINY,XML_ATTRIBUTES_AND_VISUAL_REVIEW,UA_DETRAC_STANDARD_OVERHEAD_CAM,XML_BBOX_COUNT_DIVIDED_BY_FRAME_COUNT,AUTO_PARSED_XML_APPROVED,"UA-DETRAC sequence MVI_40903: sence_weather='rainy', mean annotated vehicles=21.1 over 1060 frames."
UA-DETRAC Original,MVI_40904,URBAN_ROAD,RAIN,DAY,ELEVATED_OBLIQUE,MEDIUM,9.8,FROM_XML_RAINY,XML_ATTRIBUTES_AND_VISUAL_REVIEW,UA_DETRAC_STANDARD_OVERHEAD_CAM,XML_BBOX_COUNT_DIVIDED_BY_FRAME_COUNT,AUTO_PARSED_XML_APPROVED,"UA-DETRAC sequence MVI_40904: sence_weather='rainy', mean annotated vehicles=9.8 over 1270 frames."
UA-DETRAC Original,MVI_40905,URBAN_ROAD,RAIN,DAY,ELEVATED_OBLIQUE,HIGH,11.61,FROM_XML_RAINY,XML_ATTRIBUTES_AND_VISUAL_REVIEW,UA_DETRAC_STANDARD_OVERHEAD_CAM,XML_BBOX_COUNT_DIVIDED_BY_FRAME_COUNT,AUTO_PARSED_XML_APPROVED,"UA-DETRAC sequence MVI_40905: sence_weather='rainy', mean annotated vehicles=11.61 over 1710 frames."
UA-DETRAC Original,MVI_40962,URBAN_ROAD,CLEAR,NIGHT,ELEVATED_OBLIQUE,MEDIUM,4.04,FROM_XML_NIGHT_REASSIGNED_TO_LIGHTING,XML_ATTRIBUTES_AND_VISUAL_REVIEW,UA_DETRAC_STANDARD_OVERHEAD_CAM,XML_BBOX_COUNT_DIVIDED_BY_FRAME_COUNT,AUTO_PARSED_XML_APPROVED,"UA-DETRAC sequence MVI_40962: sence_weather='night', mean annotated vehicles=4.04 over 1875 frames."
UA-DETRAC Original,MVI_40963,URBAN_ROAD,CLEAR,NIGHT,ELEVATED_OBLIQUE,MEDIUM,6.4,FROM_XML_NIGHT_REASSIGNED_TO_LIGHTING,XML_ATTRIBUTES_AND_VISUAL_REVIEW,UA_DETRAC_STANDARD_OVERHEAD_CAM,XML_BBOX_COUNT_DIVIDED_BY_FRAME_COUNT,AUTO_PARSED_XML_APPROVED,"UA-DETRAC sequence MVI_40963: sence_weather='night', mean annotated vehicles=6.4 over 1820 frames."
UA-DETRAC Original,MVI_40981,INTERSECTION,CLEAR,NIGHT,ELEVATED_OBLIQUE,MEDIUM,5.19,FROM_XML_NIGHT_REASSIGNED_TO_LIGHTING,XML_ATTRIBUTES_AND_VISUAL_REVIEW,UA_DETRAC_STANDARD_OVERHEAD_CAM,XML_BBOX_COUNT_DIVIDED_BY_FRAME_COUNT,AUTO_PARSED_XML_APPROVED,"UA-DETRAC sequence MVI_40981: sence_weather='night', mean annotated vehicles=5.19 over 1995 frames."
UA-DETRAC Original,MVI_40991,URBAN_ROAD,CLEAR,NIGHT,ELEVATED_OBLIQUE,LOW,2.69,FROM_XML_NIGHT_REASSIGNED_TO_LIGHTING,XML_ATTRIBUTES_AND_VISUAL_REVIEW,UA_DETRAC_STANDARD_OVERHEAD_CAM,XML_BBOX_COUNT_DIVIDED_BY_FRAME_COUNT,AUTO_PARSED_XML_APPROVED,"UA-DETRAC sequence MVI_40991: sence_weather='night', mean annotated vehicles=2.69 over 1667 frames."
UA-DETRAC Original,MVI_40992,URBAN_ROAD,CLEAR,NIGHT,ELEVATED_OBLIQUE,LOW,2.39,FROM_XML_NIGHT_REASSIGNED_TO_LIGHTING,XML_ATTRIBUTES_AND_VISUAL_REVIEW,UA_DETRAC_STANDARD_OVERHEAD_CAM,XML_BBOX_COUNT_DIVIDED_BY_FRAME_COUNT,AUTO_PARSED_XML_APPROVED,"UA-DETRAC sequence MVI_40992: sence_weather='night', mean annotated vehicles=2.39 over 2122 frames."
UA-DETRAC Original,MVI_41063,HIGHWAY,CLEAR,DAY,ELEVATED_OBLIQUE,MEDIUM,6.68,FROM_XML_SUNNY_NORMALIZED_TO_CLEAR,XML_ATTRIBUTES_AND_VISUAL_REVIEW,UA_DETRAC_STANDARD_OVERHEAD_CAM,XML_BBOX_COUNT_DIVIDED_BY_FRAME_COUNT,AUTO_PARSED_XML_APPROVED,"UA-DETRAC sequence MVI_41063: sence_weather='sunny', mean annotated vehicles=6.68 over 1505 frames."
UA-DETRAC Original,MVI_41073,HIGHWAY,CLEAR,DAY,ELEVATED_OBLIQUE,MEDIUM,5.64,FROM_XML_SUNNY_NORMALIZED_TO_CLEAR,XML_ATTRIBUTES_AND_VISUAL_REVIEW,UA_DETRAC_STANDARD_OVERHEAD_CAM,XML_BBOX_COUNT_DIVIDED_BY_FRAME_COUNT,AUTO_PARSED_XML_APPROVED,"UA-DETRAC sequence MVI_41073: sence_weather='sunny', mean annotated vehicles=5.64 over 1825 frames."
UA-DETRAC Original,MVI_63521,HIGHWAY,RAIN,DAY,ELEVATED_OBLIQUE,MEDIUM,7.34,FROM_XML_RAINY,XML_ATTRIBUTES_AND_VISUAL_REVIEW,UA_DETRAC_STANDARD_OVERHEAD_CAM,XML_BBOX_COUNT_DIVIDED_BY_FRAME_COUNT,AUTO_PARSED_XML_APPROVED,"UA-DETRAC sequence MVI_63521: sence_weather='rainy', mean annotated vehicles=7.34 over 2055 frames."
UA-DETRAC Original,MVI_63525,HIGHWAY,RAIN,DAY,ELEVATED_OBLIQUE,LOW,3.52,FROM_XML_RAINY,XML_ATTRIBUTES_AND_VISUAL_REVIEW,UA_DETRAC_STANDARD_OVERHEAD_CAM,XML_BBOX_COUNT_DIVIDED_BY_FRAME_COUNT,AUTO_PARSED_XML_APPROVED,"UA-DETRAC sequence MVI_63525: sence_weather='rainy', mean annotated vehicles=3.52 over 985 frames."
UA-DETRAC Original,MVI_63544,HIGHWAY,RAIN,DAY,ELEVATED_OBLIQUE,LOW,2.05,FROM_XML_RAINY,XML_ATTRIBUTES_AND_VISUAL_REVIEW,UA_DETRAC_STANDARD_OVERHEAD_CAM,XML_BBOX_COUNT_DIVIDED_BY_FRAME_COUNT,AUTO_PARSED_XML_APPROVED,"UA-DETRAC sequence MVI_63544: sence_weather='rainy', mean annotated vehicles=2.05 over 956 frames."
UA-DETRAC Original,MVI_63552,HIGHWAY,RAIN,DAY,ELEVATED_OBLIQUE,MEDIUM,6.19,FROM_XML_RAINY,XML_ATTRIBUTES_AND_VISUAL_REVIEW,UA_DETRAC_STANDARD_OVERHEAD_CAM,XML_BBOX_COUNT_DIVIDED_BY_FRAME_COUNT,AUTO_PARSED_XML_APPROVED,"UA-DETRAC sequence MVI_63552: sence_weather='rainy', mean annotated vehicles=6.19 over 1150 frames."
UA-DETRAC Original,MVI_63553,HIGHWAY,RAIN,DAY,ELEVATED_OBLIQUE,MEDIUM,7.67,FROM_XML_RAINY,XML_ATTRIBUTES_AND_VISUAL_REVIEW,UA_DETRAC_STANDARD_OVERHEAD_CAM,XML_BBOX_COUNT_DIVIDED_BY_FRAME_COUNT,AUTO_PARSED_XML_APPROVED,"UA-DETRAC sequence MVI_63553: sence_weather='rainy', mean annotated vehicles=7.67 over 1405 frames."
UA-DETRAC Original,MVI_63554,HIGHWAY,RAIN,DAY,ELEVATED_OBLIQUE,MEDIUM,6.81,FROM_XML_RAINY,XML_ATTRIBUTES_AND_VISUAL_REVIEW,UA_DETRAC_STANDARD_OVERHEAD_CAM,XML_BBOX_COUNT_DIVIDED_BY_FRAME_COUNT,AUTO_PARSED_XML_APPROVED,"UA-DETRAC sequence MVI_63554: sence_weather='rainy', mean annotated vehicles=6.81 over 1445 frames."
UA-DETRAC Original,MVI_63561,HIGHWAY,RAIN,DAY,ELEVATED_OBLIQUE,MEDIUM,7.63,FROM_XML_RAINY,XML_ATTRIBUTES_AND_VISUAL_REVIEW,UA_DETRAC_STANDARD_OVERHEAD_CAM,XML_BBOX_COUNT_DIVIDED_BY_FRAME_COUNT,AUTO_PARSED_XML_APPROVED,"UA-DETRAC sequence MVI_63561: sence_weather='rainy', mean annotated vehicles=7.63 over 1285 frames."
UA-DETRAC Original,MVI_63562,HIGHWAY,RAIN,DAY,ELEVATED_OBLIQUE,MEDIUM,5.64,FROM_XML_RAINY,XML_ATTRIBUTES_AND_VISUAL_REVIEW,UA_DETRAC_STANDARD_OVERHEAD_CAM,XML_BBOX_COUNT_DIVIDED_BY_FRAME_COUNT,AUTO_PARSED_XML_APPROVED,"UA-DETRAC sequence MVI_63562: sence_weather='rainy', mean annotated vehicles=5.64 over 1185 frames."
UA-DETRAC Original,MVI_63563,HIGHWAY,RAIN,DAY,ELEVATED_OBLIQUE,MEDIUM,6.88,FROM_XML_RAINY,XML_ATTRIBUTES_AND_VISUAL_REVIEW,UA_DETRAC_STANDARD_OVERHEAD_CAM,XML_BBOX_COUNT_DIVIDED_BY_FRAME_COUNT,AUTO_PARSED_XML_APPROVED,"UA-DETRAC sequence MVI_63563: sence_weather='rainy', mean annotated vehicles=6.88 over 1390 frames."
ONLINE_DATA,ONLINE_HW_NIGHT_01,HIGHWAY,CLEAR,NIGHT,ELEVATED_OBLIQUE,MEDIUM,5.0,ONLINE_DATA_MANIFEST,ONLINE_DATA_MANIFEST,ONLINE_DATA_MANIFEST,ONLINE_DATA_MANIFEST,DATA_LEAD_SIGNOFF_COMPLETED,Highway bridge night traffic video from online_data.
ONLINE_DATA,ONLINE_HW_NIGHT_02,HIGHWAY,CLEAR,NIGHT,ELEVATED_OBLIQUE,MEDIUM,5.0,ONLINE_DATA_MANIFEST,ONLINE_DATA_MANIFEST,ONLINE_DATA_MANIFEST,ONLINE_DATA_MANIFEST,DATA_LEAD_SIGNOFF_COMPLETED,Highway night aerial traffic video from pexels online_data.
ONLINE_DATA,ONLINE_HW_TWILIGHT_01,HIGHWAY,CLEAR,TWILIGHT,ELEVATED_OBLIQUE,MEDIUM,5.0,ONLINE_DATA_MANIFEST,ONLINE_DATA_MANIFEST,ONLINE_DATA_MANIFEST,ONLINE_DATA_MANIFEST,DATA_LEAD_SIGNOFF_COMPLETED,Highway twilight dusk driving video from online_data.
ONLINE_DATA,ONLINE_HW_DAY_01,HIGHWAY,CLEAR,DAY,ELEVATED_OBLIQUE,MEDIUM,5.0,ONLINE_DATA_MANIFEST,ONLINE_DATA_MANIFEST,ONLINE_DATA_MANIFEST,ONLINE_DATA_MANIFEST,DATA_LEAD_SIGNOFF_COMPLETED,Highway daytime bridge traffic video from online_data.
ONLINE_DATA,ONLINE_HW_DAY_02,HIGHWAY,CLEAR,DAY,ELEVATED_OBLIQUE,MEDIUM,5.0,ONLINE_DATA_MANIFEST,ONLINE_DATA_MANIFEST,ONLINE_DATA_MANIFEST,ONLINE_DATA_MANIFEST,DATA_LEAD_SIGNOFF_COMPLETED,Highway daytime POV driving video from online_data.
