sample_id,visual_assessment,reviewer,review_date,review_status,notes
UA_OTHERS_STRAT_001,LIKELY_MOTORIZED_VEHICLE,CODEX_PRE_REVIEW,2026-08-02,AI_PRE_REVIEW_PENDING_DATA_LEAD_SIGNOFF,Boundary-truncated object appears vehicle-like.
UA_OTHERS_STRAT_002,CONFIRMED_MOTORIZED_VEHICLE,CODEX_PRE_REVIEW,2026-08-02,AI_PRE_REVIEW_PENDING_DATA_LEAD_SIGNOFF,Truck is visible.
UA_OTHERS_STRAT_003,CONFIRMED_MOTORIZED_VEHICLE,CODEX_PRE_REVIEW,2026-08-02,AI_PRE_REVIEW_PENDING_DATA_LEAD_SIGNOFF,Motor vehicle is visible.
UA_OTHERS_STRAT_004,CONFIRMED_MOTORIZED_VEHICLE,CODEX_PRE_REVIEW,2026-08-02,AI_PRE_REVIEW_PENDING_DATA_LEAD_SIGNOFF,Bus is visible.
UA_OTHERS_STRAT_005,LIKELY_MOTORIZED_VEHICLE,CODEX_PRE_REVIEW,2026-08-02,AI_PRE_REVIEW_PENDING_DATA_LEAD_SIGNOFF,Motion-blurred object appears vehicle-like.
UA_OTHERS_STRAT_006,NON_VEHICLE,CODEX_PRE_REVIEW,2026-08-02,AI_PRE_REVIEW_PENDING_DATA_LEAD_SIGNOFF,Box encloses a roadside shelter or advertising structure with people.
UA_OTHERS_STRAT_007,CONFIRMED_MOTORIZED_VEHICLE,CODEX_PRE_REVIEW,2026-08-02,AI_PRE_REVIEW_PENDING_DATA_LEAD_SIGNOFF,Motor vehicle is visible.
UA_OTHERS_STRAT_008,CONFIRMED_MOTORIZED_VEHICLE,CODEX_PRE_REVIEW,2026-08-02,AI_PRE_REVIEW_PENDING_DATA_LEAD_SIGNOFF,Truck is visible.
UA_OTHERS_STRAT_009,UNDETERMINED,CODEX_PRE_REVIEW,2026-08-02,AI_PRE_REVIEW_PENDING_DATA_LEAD_SIGNOFF,Object is too ambiguous to distinguish motorcycle from bicycle or clutter.
UA_OTHERS_STRAT_010,LIKELY_MOTORIZED_VEHICLE,CODEX_PRE_REVIEW,2026-08-02,AI_PRE_REVIEW_PENDING_DATA_LEAD_SIGNOFF,Partly occluded object appears vehicle-like.
UA_OTHERS_STRAT_011,CONFIRMED_MOTORIZED_VEHICLE,CODEX_PRE_REVIEW,2026-08-02,AI_PRE_REVIEW_PENDING_DATA_LEAD_SIGNOFF,Bus is visible.
UA_OTHERS_STRAT_012,CONFIRMED_MOTORIZED_VEHICLE,CODEX_PRE_REVIEW,2026-08-02,AI_PRE_REVIEW_PENDING_DATA_LEAD_SIGNOFF,Bus is visible.
UA_OTHERS_STRAT_013,CONFIRMED_MOTORIZED_VEHICLE,CODEX_PRE_REVIEW,2026-08-02,AI_PRE_REVIEW_PENDING_DATA_LEAD_SIGNOFF,Motor vehicle is visible.
UA_OTHERS_STRAT_014,CONFIRMED_MOTORIZED_VEHICLE,CODEX_PRE_REVIEW,2026-08-02,AI_PRE_REVIEW_PENDING_DATA_LEAD_SIGNOFF,Truck is visible.
UA_OTHERS_STRAT_015,CONFIRMED_MOTORIZED_VEHICLE,CODEX_PRE_REVIEW,2026-08-02,AI_PRE_REVIEW_PENDING_DATA_LEAD_SIGNOFF,Motor vehicle is visible.
UA_OTHERS_STRAT_016,CONFIRMED_MOTORIZED_VEHICLE,CODEX_PRE_REVIEW,2026-08-02,AI_PRE_REVIEW_PENDING_DATA_LEAD_SIGNOFF,Truck is visible.
UA_OTHERS_STRAT_017,CONFIRMED_MOTORIZED_VEHICLE,CODEX_PRE_REVIEW,2026-08-02,AI_PRE_REVIEW_PENDING_DATA_LEAD_SIGNOFF,Delivery vehicle is visible.
UA_OTHERS_STRAT_018,CONFIRMED_MOTORIZED_VEHICLE,CODEX_PRE_REVIEW,2026-08-02,AI_PRE_REVIEW_PENDING_DATA_LEAD_SIGNOFF,Tow truck is visible.
UA_OTHERS_STRAT_019,CONFIRMED_MOTORIZED_VEHICLE,CODEX_PRE_REVIEW,2026-08-02,AI_PRE_REVIEW_PENDING_DATA_LEAD_SIGNOFF,Motion-blurred vehicle remains identifiable.
UA_OTHERS_STRAT_020,CONFIRMED_MOTORIZED_VEHICLE,CODEX_PRE_REVIEW,2026-08-02,AI_PRE_REVIEW_PENDING_DATA_LEAD_SIGNOFF,Van is visible.
UA_OTHERS_STRAT_021,CONFIRMED_MOTORIZED_VEHICLE,CODEX_PRE_REVIEW,2026-08-02,AI_PRE_REVIEW_PENDING_DATA_LEAD_SIGNOFF,Motor vehicle is visible from elevated view.
UA_OTHERS_STRAT_022,LIKELY_MOTORIZED_VEHICLE,CODEX_PRE_REVIEW,2026-08-02,AI_PRE_REVIEW_PENDING_DATA_LEAD_SIGNOFF,Boundary crop appears to be part of a vehicle.
UA_OTHERS_STRAT_023,CONFIRMED_MOTORIZED_VEHICLE,CODEX_PRE_REVIEW,2026-08-02,AI_PRE_REVIEW_PENDING_DATA_LEAD_SIGNOFF,Tow truck is visible.
UA_OTHERS_STRAT_024,CONFIRMED_MOTORIZED_VEHICLE,CODEX_PRE_REVIEW,2026-08-02,AI_PRE_REVIEW_PENDING_DATA_LEAD_SIGNOFF,Motor vehicle is visible.
UA_OTHERS_STRAT_025,CONFIRMED_MOTORIZED_VEHICLE,CODEX_PRE_REVIEW,2026-08-02,AI_PRE_REVIEW_PENDING_DATA_LEAD_SIGNOFF,Motorized utility vehicle is visible.
UA_OTHERS_STRAT_026,CONFIRMED_MOTORIZED_VEHICLE,CODEX_PRE_REVIEW,2026-08-02,AI_PRE_REVIEW_PENDING_DATA_LEAD_SIGNOFF,Truck is visible.
UA_OTHERS_STRAT_027,CONFIRMED_MOTORIZED_VEHICLE,CODEX_PRE_REVIEW,2026-08-02,AI_PRE_REVIEW_PENDING_DATA_LEAD_SIGNOFF,Truck is visible.
UA_OTHERS_STRAT_028,LIKELY_MOTORIZED_VEHICLE,CODEX_PRE_REVIEW,2026-08-02,AI_PRE_REVIEW_PENDING_DATA_LEAD_SIGNOFF,Boundary crop appears vehicle-like.
UA_OTHERS_STRAT_029,CONFIRMED_MOTORIZED_VEHICLE,CODEX_PRE_REVIEW,2026-08-02,AI_PRE_REVIEW_PENDING_DATA_LEAD_SIGNOFF,Truck is visible.
UA_OTHERS_STRAT_030,LIKELY_MOTORIZED_VEHICLE,CODEX_PRE_REVIEW,2026-08-02,AI_PRE_REVIEW_PENDING_DATA_LEAD_SIGNOFF,Distant blurred object appears vehicle-like.
UA_OTHERS_STRAT_031,CONFIRMED_MOTORIZED_VEHICLE,CODEX_PRE_REVIEW,2026-08-02,AI_PRE_REVIEW_PENDING_DATA_LEAD_SIGNOFF,Truck is visible.
UA_OTHERS_STRAT_032,CONFIRMED_MOTORIZED_VEHICLE,CODEX_PRE_REVIEW,2026-08-02,AI_PRE_REVIEW_PENDING_DATA_LEAD_SIGNOFF,Van is visible.
UA_OTHERS_STRAT_033,CONFIRMED_MOTORIZED_VEHICLE,CODEX_PRE_REVIEW,2026-08-02,AI_PRE_REVIEW_PENDING_DATA_LEAD_SIGNOFF,Construction vehicle is visible.
UA_OTHERS_STRAT_034,CONFIRMED_MOTORIZED_VEHICLE,CODEX_PRE_REVIEW,2026-08-02,AI_PRE_REVIEW_PENDING_DATA_LEAD_SIGNOFF,Large vehicle is visible at boundary.
UA_OTHERS_STRAT_035,CONFIRMED_MOTORIZED_VEHICLE,CODEX_PRE_REVIEW,2026-08-02,AI_PRE_REVIEW_PENDING_DATA_LEAD_SIGNOFF,Cement truck is visible.
UA_OTHERS_STRAT_036,CONFIRMED_MOTORIZED_VEHICLE,CODEX_PRE_REVIEW,2026-08-02,AI_PRE_REVIEW_PENDING_DATA_LEAD_SIGNOFF,Truck is visible.
UA_OTHERS_STRAT_037,CONFIRMED_MOTORIZED_VEHICLE,CODEX_PRE_REVIEW,2026-08-02,AI_PRE_REVIEW_PENDING_DATA_LEAD_SIGNOFF,Truck is visible.
UA_OTHERS_STRAT_038,CONFIRMED_MOTORIZED_VEHICLE,CODEX_PRE_REVIEW,2026-08-02,AI_PRE_REVIEW_PENDING_DATA_LEAD_SIGNOFF,Truck is visible.
UA_OTHERS_STRAT_039,LIKELY_MOTORIZED_VEHICLE,CODEX_PRE_REVIEW,2026-08-02,AI_PRE_REVIEW_PENDING_DATA_LEAD_SIGNOFF,Headlights and silhouette appear vehicle-like.
UA_OTHERS_STRAT_040,CONFIRMED_MOTORIZED_VEHICLE,CODEX_PRE_REVIEW,2026-08-02,AI_PRE_REVIEW_PENDING_DATA_LEAD_SIGNOFF,Truck is visible.
UA_OTHERS_STRAT_041,CONFIRMED_MOTORIZED_VEHICLE,CODEX_PRE_REVIEW,2026-08-02,AI_PRE_REVIEW_PENDING_DATA_LEAD_SIGNOFF,Truck is visible.
UA_OTHERS_STRAT_042,CONFIRMED_MOTORIZED_VEHICLE,CODEX_PRE_REVIEW,2026-08-02,AI_PRE_REVIEW_PENDING_DATA_LEAD_SIGNOFF,Tow truck is visible.
UA_OTHERS_STRAT_043,CONFIRMED_MOTORIZED_VEHICLE,CODEX_PRE_REVIEW,2026-08-02,AI_PRE_REVIEW_PENDING_DATA_LEAD_SIGNOFF,Van is visible.
UA_OTHERS_STRAT_044,LIKELY_MOTORIZED_VEHICLE,CODEX_PRE_REVIEW,2026-08-02,AI_PRE_REVIEW_PENDING_DATA_LEAD_SIGNOFF,Boundary crop appears to be a large vehicle.
UA_OTHERS_STRAT_045,CONFIRMED_MOTORIZED_VEHICLE,CODEX_PRE_REVIEW,2026-08-02,AI_PRE_REVIEW_PENDING_DATA_LEAD_SIGNOFF,Truck is visible.
UA_OTHERS_STRAT_046,LIKELY_MOTORIZED_VEHICLE,CODEX_PRE_REVIEW,2026-08-02,AI_PRE_REVIEW_PENDING_DATA_LEAD_SIGNOFF,Partial object appears vehicle-like.
UA_OTHERS_STRAT_047,CONFIRMED_MOTORIZED_VEHICLE,CODEX_PRE_REVIEW,2026-08-02,AI_PRE_REVIEW_PENDING_DATA_LEAD_SIGNOFF,Truck is visible.
UA_OTHERS_STRAT_048,CONFIRMED_MOTORIZED_VEHICLE,CODEX_PRE_REVIEW,2026-08-02,AI_PRE_REVIEW_PENDING_DATA_LEAD_SIGNOFF,Tow truck is visible.
UA_OTHERS_STRAT_049,CONFIRMED_MOTORIZED_VEHICLE,CODEX_PRE_REVIEW,2026-08-02,AI_PRE_REVIEW_PENDING_DATA_LEAD_SIGNOFF,Truck is visible.
UA_OTHERS_STRAT_050,CONFIRMED_MOTORIZED_VEHICLE,CODEX_PRE_REVIEW,2026-08-02,AI_PRE_REVIEW_PENDING_DATA_LEAD_SIGNOFF,Dump truck is visible.
UA_OTHERS_STRAT_051,CONFIRMED_MOTORIZED_VEHICLE,CODEX_PRE_REVIEW,2026-08-02,AI_PRE_REVIEW_PENDING_DATA_LEAD_SIGNOFF,Bus is visible.
UA_OTHERS_STRAT_052,CONFIRMED_MOTORIZED_VEHICLE,CODEX_PRE_REVIEW,2026-08-02,AI_PRE_REVIEW_PENDING_DATA_LEAD_SIGNOFF,Motor vehicle is visible.
UA_OTHERS_STRAT_053,CONFIRMED_MOTORIZED_VEHICLE,CODEX_PRE_REVIEW,2026-08-02,AI_PRE_REVIEW_PENDING_DATA_LEAD_SIGNOFF,Truck is visible.
UA_OTHERS_STRAT_054,NON_VEHICLE,CODEX_PRE_REVIEW,2026-08-02,AI_PRE_REVIEW_PENDING_DATA_LEAD_SIGNOFF,Box encloses a roadside shelter or advertising structure with people.
UA_OTHERS_STRAT_055,CONFIRMED_MOTORIZED_VEHICLE,CODEX_PRE_REVIEW,2026-08-02,AI_PRE_REVIEW_PENDING_DATA_LEAD_SIGNOFF,Motor vehicle is visible.
UA_OTHERS_STRAT_056,CONFIRMED_MOTORIZED_VEHICLE,CODEX_PRE_REVIEW,2026-08-02,AI_PRE_REVIEW_PENDING_DATA_LEAD_SIGNOFF,Truck is visible.
UA_OTHERS_STRAT_057,CONFIRMED_MOTORIZED_VEHICLE,CODEX_PRE_REVIEW,2026-08-02,AI_PRE_REVIEW_PENDING_DATA_LEAD_SIGNOFF,Truck is visible.
UA_OTHERS_STRAT_058,CONFIRMED_MOTORIZED_VEHICLE,CODEX_PRE_REVIEW,2026-08-02,AI_PRE_REVIEW_PENDING_DATA_LEAD_SIGNOFF,Bus is visible.
UA_OTHERS_STRAT_059,CONFIRMED_MOTORIZED_VEHICLE,CODEX_PRE_REVIEW,2026-08-02,AI_PRE_REVIEW_PENDING_DATA_LEAD_SIGNOFF,Truck is visible.
UA_OTHERS_STRAT_060,CONFIRMED_MOTORIZED_VEHICLE,CODEX_PRE_REVIEW,2026-08-02,AI_PRE_REVIEW_PENDING_DATA_LEAD_SIGNOFF,Bus is visible.
