dataset_name,sequence_name,camera_motion,camera_height_estimate,view_direction,pitch_category,road_area_visibility,vehicle_scale_similarity,fixed_camera_similarity,emergency_lane_similarity,night_suitability,rain_suitability,overall_score,relevance_level,assessment_source,manual_review_status,notes
MIO-TCD Localization,SEQUENCE_NOT_PROVIDED,LIKELY_FIXED_UNVERIFIED,ELEVATED_UNVERIFIED,ROADSIDE_OBLIQUE,DOWNWARD_UNVERIFIED,MEDIUM,MANUAL_REVIEW,HIGH,NOT_VERIFIED,NOT_VERIFIED,NOT_VERIFIED,3.7,RELEVANT,DATASET_DOCUMENTATION_AND_AUTOMATIC_ESTIMATE,PENDING,Không có sequence/camera metadata trong TAR Localization.
AAU RainSnow,Egensevej-1:cam1,FIXED_FROM_DATASET_STRUCTURE,ELEVATED_UNVERIFIED,FIXED_INTERSECTION_OR_ROAD,DOWNWARD_UNVERIFIED,HIGH_AUTOMATIC_ESTIMATE,MANUAL_REVIEW,HIGH,PARTIAL,AVAILABLE_UNVERIFIED,HIGH_DATASET_LEVEL,4.2,RELEVANT,VIDEO_METADATA_AND_AUTOMATIC_ESTIMATE,PENDING,Rain/snow cụ thể theo sequence chưa được metadata tách rõ.
AAU RainSnow,Egensevej-1:cam2,FIXED_FROM_DATASET_STRUCTURE,ELEVATED_UNVERIFIED,FIXED_INTERSECTION_OR_ROAD,DOWNWARD_UNVERIFIED,HIGH_AUTOMATIC_ESTIMATE,MANUAL_REVIEW,HIGH,PARTIAL,AVAILABLE_UNVERIFIED,HIGH_DATASET_LEVEL,4.2,RELEVANT,VIDEO_METADATA_AND_AUTOMATIC_ESTIMATE,PENDING,Rain/snow cụ thể theo sequence chưa được metadata tách rõ.
AAU RainSnow,Egensevej-2:cam1,FIXED_FROM_DATASET_STRUCTURE,ELEVATED_UNVERIFIED,FIXED_INTERSECTION_OR_ROAD,DOWNWARD_UNVERIFIED,HIGH_AUTOMATIC_ESTIMATE,MANUAL_REVIEW,HIGH,PARTIAL,AVAILABLE_UNVERIFIED,HIGH_DATASET_LEVEL,4.2,RELEVANT,VIDEO_METADATA_AND_AUTOMATIC_ESTIMATE,PENDING,Rain/snow cụ thể theo sequence chưa được metadata tách rõ.
AAU RainSnow,Egensevej-2:cam2,FIXED_FROM_DATASET_STRUCTURE,ELEVATED_UNVERIFIED,FIXED_INTERSECTION_OR_ROAD,DOWNWARD_UNVERIFIED,HIGH_AUTOMATIC_ESTIMATE,MANUAL_REVIEW,HIGH,PARTIAL,AVAILABLE_UNVERIFIED,HIGH_DATASET_LEVEL,4.2,RELEVANT,VIDEO_METADATA_AND_AUTOMATIC_ESTIMATE,PENDING,Rain/snow cụ thể theo sequence chưa được metadata tách rõ.
AAU RainSnow,Egensevej-3:cam1,FIXED_FROM_DATASET_STRUCTURE,ELEVATED_UNVERIFIED,FIXED_INTERSECTION_OR_ROAD,DOWNWARD_UNVERIFIED,HIGH_AUTOMATIC_ESTIMATE,MANUAL_REVIEW,HIGH,PARTIAL,AVAILABLE_UNVERIFIED,HIGH_DATASET_LEVEL,4.2,RELEVANT,VIDEO_METADATA_AND_AUTOMATIC_ESTIMATE,PENDING,Rain/snow cụ thể theo sequence chưa được metadata tách rõ.
AAU RainSnow,Egensevej-3:cam2,FIXED_FROM_DATASET_STRUCTURE,ELEVATED_UNVERIFIED,FIXED_INTERSECTION_OR_ROAD,DOWNWARD_UNVERIFIED,HIGH_AUTOMATIC_ESTIMATE,MANUAL_REVIEW,HIGH,PARTIAL,AVAILABLE_UNVERIFIED,HIGH_DATASET_LEVEL,4.2,RELEVANT,VIDEO_METADATA_AND_AUTOMATIC_ESTIMATE,PENDING,Rain/snow cụ thể theo sequence chưa được metadata tách rõ.
AAU RainSnow,Egensevej-4:cam1,FIXED_FROM_DATASET_STRUCTURE,ELEVATED_UNVERIFIED,FIXED_INTERSECTION_OR_ROAD,DOWNWARD_UNVERIFIED,HIGH_AUTOMATIC_ESTIMATE,MANUAL_REVIEW,HIGH,PARTIAL,AVAILABLE_UNVERIFIED,HIGH_DATASET_LEVEL,4.2,RELEVANT,VIDEO_METADATA_AND_AUTOMATIC_ESTIMATE,PENDING,Rain/snow cụ thể theo sequence chưa được metadata tách rõ.
AAU RainSnow,Egensevej-4:cam2,FIXED_FROM_DATASET_STRUCTURE,ELEVATED_UNVERIFIED,FIXED_INTERSECTION_OR_ROAD,DOWNWARD_UNVERIFIED,HIGH_AUTOMATIC_ESTIMATE,MANUAL_REVIEW,HIGH,PARTIAL,AVAILABLE_UNVERIFIED,HIGH_DATASET_LEVEL,4.2,RELEVANT,VIDEO_METADATA_AND_AUTOMATIC_ESTIMATE,PENDING,Rain/snow cụ thể theo sequence chưa được metadata tách rõ.
AAU RainSnow,Egensevej-5:cam1,FIXED_FROM_DATASET_STRUCTURE,ELEVATED_UNVERIFIED,FIXED_INTERSECTION_OR_ROAD,DOWNWARD_UNVERIFIED,HIGH_AUTOMATIC_ESTIMATE,MANUAL_REVIEW,HIGH,PARTIAL,AVAILABLE_UNVERIFIED,HIGH_DATASET_LEVEL,4.2,RELEVANT,VIDEO_METADATA_AND_AUTOMATIC_ESTIMATE,PENDING,Rain/snow cụ thể theo sequence chưa được metadata tách rõ.
AAU RainSnow,Egensevej-5:cam2,FIXED_FROM_DATASET_STRUCTURE,ELEVATED_UNVERIFIED,FIXED_INTERSECTION_OR_ROAD,DOWNWARD_UNVERIFIED,HIGH_AUTOMATIC_ESTIMATE,MANUAL_REVIEW,HIGH,PARTIAL,AVAILABLE_UNVERIFIED,HIGH_DATASET_LEVEL,4.2,RELEVANT,VIDEO_METADATA_AND_AUTOMATIC_ESTIMATE,PENDING,Rain/snow cụ thể theo sequence chưa được metadata tách rõ.
AAU RainSnow,Hadsundvej-1:cam1,FIXED_FROM_DATASET_STRUCTURE,ELEVATED_UNVERIFIED,FIXED_INTERSECTION_OR_ROAD,DOWNWARD_UNVERIFIED,HIGH_AUTOMATIC_ESTIMATE,MANUAL_REVIEW,HIGH,PARTIAL,AVAILABLE_UNVERIFIED,HIGH_DATASET_LEVEL,4.2,RELEVANT,VIDEO_METADATA_AND_AUTOMATIC_ESTIMATE,PENDING,Rain/snow cụ thể theo sequence chưa được metadata tách rõ.
AAU RainSnow,Hadsundvej-1:cam2,FIXED_FROM_DATASET_STRUCTURE,ELEVATED_UNVERIFIED,FIXED_INTERSECTION_OR_ROAD,DOWNWARD_UNVERIFIED,HIGH_AUTOMATIC_ESTIMATE,MANUAL_REVIEW,HIGH,PARTIAL,AVAILABLE_UNVERIFIED,HIGH_DATASET_LEVEL,4.2,RELEVANT,VIDEO_METADATA_AND_AUTOMATIC_ESTIMATE,PENDING,Rain/snow cụ thể theo sequence chưa được metadata tách rõ.
AAU RainSnow,Hadsundvej-2:cam1,FIXED_FROM_DATASET_STRUCTURE,ELEVATED_UNVERIFIED,FIXED_INTERSECTION_OR_ROAD,DOWNWARD_UNVERIFIED,HIGH_AUTOMATIC_ESTIMATE,MANUAL_REVIEW,HIGH,PARTIAL,AVAILABLE_UNVERIFIED,HIGH_DATASET_LEVEL,4.2,RELEVANT,VIDEO_METADATA_AND_AUTOMATIC_ESTIMATE,PENDING,Rain/snow cụ thể theo sequence chưa được metadata tách rõ.
AAU RainSnow,Hadsundvej-2:cam2,FIXED_FROM_DATASET_STRUCTURE,ELEVATED_UNVERIFIED,FIXED_INTERSECTION_OR_ROAD,DOWNWARD_UNVERIFIED,HIGH_AUTOMATIC_ESTIMATE,MANUAL_REVIEW,HIGH,PARTIAL,AVAILABLE_UNVERIFIED,HIGH_DATASET_LEVEL,4.2,RELEVANT,VIDEO_METADATA_AND_AUTOMATIC_ESTIMATE,PENDING,Rain/snow cụ thể theo sequence chưa được metadata tách rõ.
AAU RainSnow,Hasserisvej-1:cam1,FIXED_FROM_DATASET_STRUCTURE,ELEVATED_UNVERIFIED,FIXED_INTERSECTION_OR_ROAD,DOWNWARD_UNVERIFIED,HIGH_AUTOMATIC_ESTIMATE,MANUAL_REVIEW,HIGH,PARTIAL,AVAILABLE_UNVERIFIED,HIGH_DATASET_LEVEL,4.2,RELEVANT,VIDEO_METADATA_AND_AUTOMATIC_ESTIMATE,PENDING,Rain/snow cụ thể theo sequence chưa được metadata tách rõ.
AAU RainSnow,Hasserisvej-1:cam2,FIXED_FROM_DATASET_STRUCTURE,ELEVATED_UNVERIFIED,FIXED_INTERSECTION_OR_ROAD,DOWNWARD_UNVERIFIED,HIGH_AUTOMATIC_ESTIMATE,MANUAL_REVIEW,HIGH,PARTIAL,AVAILABLE_UNVERIFIED,HIGH_DATASET_LEVEL,4.2,RELEVANT,VIDEO_METADATA_AND_AUTOMATIC_ESTIMATE,PENDING,Rain/snow cụ thể theo sequence chưa được metadata tách rõ.
AAU RainSnow,Hasserisvej-2:cam1,FIXED_FROM_DATASET_STRUCTURE,ELEVATED_UNVERIFIED,FIXED_INTERSECTION_OR_ROAD,DOWNWARD_UNVERIFIED,HIGH_AUTOMATIC_ESTIMATE,MANUAL_REVIEW,HIGH,PARTIAL,AVAILABLE_UNVERIFIED,HIGH_DATASET_LEVEL,4.2,RELEVANT,VIDEO_METADATA_AND_AUTOMATIC_ESTIMATE,PENDING,Rain/snow cụ thể theo sequence chưa được metadata tách rõ.
AAU RainSnow,Hasserisvej-2:cam2,FIXED_FROM_DATASET_STRUCTURE,ELEVATED_UNVERIFIED,FIXED_INTERSECTION_OR_ROAD,DOWNWARD_UNVERIFIED,HIGH_AUTOMATIC_ESTIMATE,MANUAL_REVIEW,HIGH,PARTIAL,AVAILABLE_UNVERIFIED,HIGH_DATASET_LEVEL,4.2,RELEVANT,VIDEO_METADATA_AND_AUTOMATIC_ESTIMATE,PENDING,Rain/snow cụ thể theo sequence chưa được metadata tách rõ.
AAU RainSnow,Hasserisvej-3:cam1,FIXED_FROM_DATASET_STRUCTURE,ELEVATED_UNVERIFIED,FIXED_INTERSECTION_OR_ROAD,DOWNWARD_UNVERIFIED,HIGH_AUTOMATIC_ESTIMATE,MANUAL_REVIEW,HIGH,PARTIAL,AVAILABLE_UNVERIFIED,HIGH_DATASET_LEVEL,4.2,RELEVANT,VIDEO_METADATA_AND_AUTOMATIC_ESTIMATE,PENDING,Rain/snow cụ thể theo sequence chưa được metadata tách rõ.
AAU RainSnow,Hasserisvej-3:cam2,FIXED_FROM_DATASET_STRUCTURE,ELEVATED_UNVERIFIED,FIXED_INTERSECTION_OR_ROAD,DOWNWARD_UNVERIFIED,HIGH_AUTOMATIC_ESTIMATE,MANUAL_REVIEW,HIGH,PARTIAL,AVAILABLE_UNVERIFIED,HIGH_DATASET_LEVEL,4.2,RELEVANT,VIDEO_METADATA_AND_AUTOMATIC_ESTIMATE,PENDING,Rain/snow cụ thể theo sequence chưa được metadata tách rõ.
AAU RainSnow,Hjorringvej-1:cam1,FIXED_FROM_DATASET_STRUCTURE,ELEVATED_UNVERIFIED,FIXED_INTERSECTION_OR_ROAD,DOWNWARD_UNVERIFIED,HIGH_AUTOMATIC_ESTIMATE,MANUAL_REVIEW,HIGH,PARTIAL,AVAILABLE_UNVERIFIED,HIGH_DATASET_LEVEL,4.2,RELEVANT,VIDEO_METADATA_AND_AUTOMATIC_ESTIMATE,PENDING,Rain/snow cụ thể theo sequence chưa được metadata tách rõ.
AAU RainSnow,Hjorringvej-1:cam2,FIXED_FROM_DATASET_STRUCTURE,ELEVATED_UNVERIFIED,FIXED_INTERSECTION_OR_ROAD,DOWNWARD_UNVERIFIED,HIGH_AUTOMATIC_ESTIMATE,MANUAL_REVIEW,HIGH,PARTIAL,AVAILABLE_UNVERIFIED,HIGH_DATASET_LEVEL,4.2,RELEVANT,VIDEO_METADATA_AND_AUTOMATIC_ESTIMATE,PENDING,Rain/snow cụ thể theo sequence chưa được metadata tách rõ.
AAU RainSnow,Hjorringvej-2:cam1,FIXED_FROM_DATASET_STRUCTURE,ELEVATED_UNVERIFIED,FIXED_INTERSECTION_OR_ROAD,DOWNWARD_UNVERIFIED,HIGH_AUTOMATIC_ESTIMATE,MANUAL_REVIEW,HIGH,PARTIAL,AVAILABLE_UNVERIFIED,HIGH_DATASET_LEVEL,4.2,RELEVANT,VIDEO_METADATA_AND_AUTOMATIC_ESTIMATE,PENDING,Rain/snow cụ thể theo sequence chưa được metadata tách rõ.
AAU RainSnow,Hjorringvej-2:cam2,FIXED_FROM_DATASET_STRUCTURE,ELEVATED_UNVERIFIED,FIXED_INTERSECTION_OR_ROAD,DOWNWARD_UNVERIFIED,HIGH_AUTOMATIC_ESTIMATE,MANUAL_REVIEW,HIGH,PARTIAL,AVAILABLE_UNVERIFIED,HIGH_DATASET_LEVEL,4.2,RELEVANT,VIDEO_METADATA_AND_AUTOMATIC_ESTIMATE,PENDING,Rain/snow cụ thể theo sequence chưa được metadata tách rõ.
AAU RainSnow,Hjorringvej-3:cam1,FIXED_FROM_DATASET_STRUCTURE,ELEVATED_UNVERIFIED,FIXED_INTERSECTION_OR_ROAD,DOWNWARD_UNVERIFIED,HIGH_AUTOMATIC_ESTIMATE,MANUAL_REVIEW,HIGH,PARTIAL,AVAILABLE_UNVERIFIED,HIGH_DATASET_LEVEL,4.2,RELEVANT,VIDEO_METADATA_AND_AUTOMATIC_ESTIMATE,PENDING,Rain/snow cụ thể theo sequence chưa được metadata tách rõ.
AAU RainSnow,Hjorringvej-3:cam2,FIXED_FROM_DATASET_STRUCTURE,ELEVATED_UNVERIFIED,FIXED_INTERSECTION_OR_ROAD,DOWNWARD_UNVERIFIED,HIGH_AUTOMATIC_ESTIMATE,MANUAL_REVIEW,HIGH,PARTIAL,AVAILABLE_UNVERIFIED,HIGH_DATASET_LEVEL,4.2,RELEVANT,VIDEO_METADATA_AND_AUTOMATIC_ESTIMATE,PENDING,Rain/snow cụ thể theo sequence chưa được metadata tách rõ.
AAU RainSnow,Hjorringvej-4:cam1,FIXED_FROM_DATASET_STRUCTURE,ELEVATED_UNVERIFIED,FIXED_INTERSECTION_OR_ROAD,DOWNWARD_UNVERIFIED,HIGH_AUTOMATIC_ESTIMATE,MANUAL_REVIEW,HIGH,PARTIAL,AVAILABLE_UNVERIFIED,HIGH_DATASET_LEVEL,4.2,RELEVANT,VIDEO_METADATA_AND_AUTOMATIC_ESTIMATE,PENDING,Rain/snow cụ thể theo sequence chưa được metadata tách rõ.
AAU RainSnow,Hjorringvej-4:cam2,FIXED_FROM_DATASET_STRUCTURE,ELEVATED_UNVERIFIED,FIXED_INTERSECTION_OR_ROAD,DOWNWARD_UNVERIFIED,HIGH_AUTOMATIC_ESTIMATE,MANUAL_REVIEW,HIGH,PARTIAL,AVAILABLE_UNVERIFIED,HIGH_DATASET_LEVEL,4.2,RELEVANT,VIDEO_METADATA_AND_AUTOMATIC_ESTIMATE,PENDING,Rain/snow cụ thể theo sequence chưa được metadata tách rõ.
AAU RainSnow,Hobrovej-1:cam1,FIXED_FROM_DATASET_STRUCTURE,ELEVATED_UNVERIFIED,FIXED_INTERSECTION_OR_ROAD,DOWNWARD_UNVERIFIED,HIGH_AUTOMATIC_ESTIMATE,MANUAL_REVIEW,HIGH,PARTIAL,AVAILABLE_UNVERIFIED,HIGH_DATASET_LEVEL,4.2,RELEVANT,VIDEO_METADATA_AND_AUTOMATIC_ESTIMATE,PENDING,Rain/snow cụ thể theo sequence chưa được metadata tách rõ.
AAU RainSnow,Hobrovej-1:cam2,FIXED_FROM_DATASET_STRUCTURE,ELEVATED_UNVERIFIED,FIXED_INTERSECTION_OR_ROAD,DOWNWARD_UNVERIFIED,HIGH_AUTOMATIC_ESTIMATE,MANUAL_REVIEW,HIGH,PARTIAL,AVAILABLE_UNVERIFIED,HIGH_DATASET_LEVEL,4.4,HIGHLY_RELEVANT,VIDEO_METADATA_AND_AUTOMATIC_ESTIMATE,PENDING,Rain/snow cụ thể theo sequence chưa được metadata tách rõ.
AAU RainSnow,Ostre-1:cam1,FIXED_FROM_DATASET_STRUCTURE,ELEVATED_UNVERIFIED,FIXED_INTERSECTION_OR_ROAD,DOWNWARD_UNVERIFIED,HIGH_AUTOMATIC_ESTIMATE,MANUAL_REVIEW,HIGH,PARTIAL,AVAILABLE_UNVERIFIED,HIGH_DATASET_LEVEL,4.2,RELEVANT,VIDEO_METADATA_AND_AUTOMATIC_ESTIMATE,PENDING,Rain/snow cụ thể theo sequence chưa được metadata tách rõ.
AAU RainSnow,Ostre-1:cam2,FIXED_FROM_DATASET_STRUCTURE,ELEVATED_UNVERIFIED,FIXED_INTERSECTION_OR_ROAD,DOWNWARD_UNVERIFIED,HIGH_AUTOMATIC_ESTIMATE,MANUAL_REVIEW,HIGH,PARTIAL,AVAILABLE_UNVERIFIED,HIGH_DATASET_LEVEL,4.2,RELEVANT,VIDEO_METADATA_AND_AUTOMATIC_ESTIMATE,PENDING,Rain/snow cụ thể theo sequence chưa được metadata tách rõ.
AAU RainSnow,Ostre-2:cam1,FIXED_FROM_DATASET_STRUCTURE,ELEVATED_UNVERIFIED,FIXED_INTERSECTION_OR_ROAD,DOWNWARD_UNVERIFIED,HIGH_AUTOMATIC_ESTIMATE,MANUAL_REVIEW,HIGH,PARTIAL,AVAILABLE_UNVERIFIED,HIGH_DATASET_LEVEL,4.2,RELEVANT,VIDEO_METADATA_AND_AUTOMATIC_ESTIMATE,PENDING,Rain/snow cụ thể theo sequence chưa được metadata tách rõ.
AAU RainSnow,Ostre-2:cam2,FIXED_FROM_DATASET_STRUCTURE,ELEVATED_UNVERIFIED,FIXED_INTERSECTION_OR_ROAD,DOWNWARD_UNVERIFIED,HIGH_AUTOMATIC_ESTIMATE,MANUAL_REVIEW,HIGH,PARTIAL,AVAILABLE_UNVERIFIED,HIGH_DATASET_LEVEL,4.2,RELEVANT,VIDEO_METADATA_AND_AUTOMATIC_ESTIMATE,PENDING,Rain/snow cụ thể theo sequence chưa được metadata tách rõ.
AAU RainSnow,Ostre-3:cam1,FIXED_FROM_DATASET_STRUCTURE,ELEVATED_UNVERIFIED,FIXED_INTERSECTION_OR_ROAD,DOWNWARD_UNVERIFIED,HIGH_AUTOMATIC_ESTIMATE,MANUAL_REVIEW,HIGH,PARTIAL,AVAILABLE_UNVERIFIED,HIGH_DATASET_LEVEL,4.2,RELEVANT,VIDEO_METADATA_AND_AUTOMATIC_ESTIMATE,PENDING,Rain/snow cụ thể theo sequence chưa được metadata tách rõ.
AAU RainSnow,Ostre-3:cam2,FIXED_FROM_DATASET_STRUCTURE,ELEVATED_UNVERIFIED,FIXED_INTERSECTION_OR_ROAD,DOWNWARD_UNVERIFIED,HIGH_AUTOMATIC_ESTIMATE,MANUAL_REVIEW,HIGH,PARTIAL,AVAILABLE_UNVERIFIED,HIGH_DATASET_LEVEL,4.2,RELEVANT,VIDEO_METADATA_AND_AUTOMATIC_ESTIMATE,PENDING,Rain/snow cụ thể theo sequence chưa được metadata tách rõ.
AAU RainSnow,Ostre-4:cam1,FIXED_FROM_DATASET_STRUCTURE,ELEVATED_UNVERIFIED,FIXED_INTERSECTION_OR_ROAD,DOWNWARD_UNVERIFIED,HIGH_AUTOMATIC_ESTIMATE,MANUAL_REVIEW,HIGH,PARTIAL,AVAILABLE_UNVERIFIED,HIGH_DATASET_LEVEL,4.2,RELEVANT,VIDEO_METADATA_AND_AUTOMATIC_ESTIMATE,PENDING,Rain/snow cụ thể theo sequence chưa được metadata tách rõ.
AAU RainSnow,Ostre-4:cam2,FIXED_FROM_DATASET_STRUCTURE,ELEVATED_UNVERIFIED,FIXED_INTERSECTION_OR_ROAD,DOWNWARD_UNVERIFIED,HIGH_AUTOMATIC_ESTIMATE,MANUAL_REVIEW,HIGH,PARTIAL,AVAILABLE_UNVERIFIED,HIGH_DATASET_LEVEL,4.2,RELEVANT,VIDEO_METADATA_AND_AUTOMATIC_ESTIMATE,PENDING,Rain/snow cụ thể theo sequence chưa được metadata tách rõ.
AAU RainSnow,Ringvej-1:cam1,FIXED_FROM_DATASET_STRUCTURE,ELEVATED_UNVERIFIED,FIXED_INTERSECTION_OR_ROAD,DOWNWARD_UNVERIFIED,HIGH_AUTOMATIC_ESTIMATE,MANUAL_REVIEW,HIGH,PARTIAL,AVAILABLE_UNVERIFIED,HIGH_DATASET_LEVEL,4.2,RELEVANT,VIDEO_METADATA_AND_AUTOMATIC_ESTIMATE,PENDING,Rain/snow cụ thể theo sequence chưa được metadata tách rõ.
AAU RainSnow,Ringvej-1:cam2,FIXED_FROM_DATASET_STRUCTURE,ELEVATED_UNVERIFIED,FIXED_INTERSECTION_OR_ROAD,DOWNWARD_UNVERIFIED,HIGH_AUTOMATIC_ESTIMATE,MANUAL_REVIEW,HIGH,PARTIAL,AVAILABLE_UNVERIFIED,HIGH_DATASET_LEVEL,4.2,RELEVANT,VIDEO_METADATA_AND_AUTOMATIC_ESTIMATE,PENDING,Rain/snow cụ thể theo sequence chưa được metadata tách rõ.
AAU RainSnow,Ringvej-2:cam1,FIXED_FROM_DATASET_STRUCTURE,ELEVATED_UNVERIFIED,FIXED_INTERSECTION_OR_ROAD,DOWNWARD_UNVERIFIED,HIGH_AUTOMATIC_ESTIMATE,MANUAL_REVIEW,HIGH,PARTIAL,AVAILABLE_UNVERIFIED,HIGH_DATASET_LEVEL,4.2,RELEVANT,VIDEO_METADATA_AND_AUTOMATIC_ESTIMATE,PENDING,Rain/snow cụ thể theo sequence chưa được metadata tách rõ.
AAU RainSnow,Ringvej-2:cam2,FIXED_FROM_DATASET_STRUCTURE,ELEVATED_UNVERIFIED,FIXED_INTERSECTION_OR_ROAD,DOWNWARD_UNVERIFIED,HIGH_AUTOMATIC_ESTIMATE,MANUAL_REVIEW,HIGH,PARTIAL,AVAILABLE_UNVERIFIED,HIGH_DATASET_LEVEL,4.2,RELEVANT,VIDEO_METADATA_AND_AUTOMATIC_ESTIMATE,PENDING,Rain/snow cụ thể theo sequence chưa được metadata tách rõ.
AAU RainSnow,Ringvej-3:cam1,FIXED_FROM_DATASET_STRUCTURE,ELEVATED_UNVERIFIED,FIXED_INTERSECTION_OR_ROAD,DOWNWARD_UNVERIFIED,HIGH_AUTOMATIC_ESTIMATE,MANUAL_REVIEW,HIGH,PARTIAL,AVAILABLE_UNVERIFIED,HIGH_DATASET_LEVEL,4.2,RELEVANT,VIDEO_METADATA_AND_AUTOMATIC_ESTIMATE,PENDING,Rain/snow cụ thể theo sequence chưa được metadata tách rõ.
AAU RainSnow,Ringvej-3:cam2,FIXED_FROM_DATASET_STRUCTURE,ELEVATED_UNVERIFIED,FIXED_INTERSECTION_OR_ROAD,DOWNWARD_UNVERIFIED,HIGH_AUTOMATIC_ESTIMATE,MANUAL_REVIEW,HIGH,PARTIAL,AVAILABLE_UNVERIFIED,HIGH_DATASET_LEVEL,4.2,RELEVANT,VIDEO_METADATA_AND_AUTOMATIC_ESTIMATE,PENDING,Rain/snow cụ thể theo sequence chưa được metadata tách rõ.
UA-DETRAC Original,MVI_39031,unstable,ELEVATED_UNVERIFIED,ROADSIDE_ELEVATED,DOWNWARD,HIGH_AUTOMATIC_ESTIMATE,MANUAL_REVIEW,MEDIUM,PARTIAL,NOT_VERIFIED,LOW_OR_UNKNOWN,3.9,RELEVANT,FROM_XML_METADATA_AND_AUTOMATIC_ESTIMATE,PENDING,Độ cao chính xác và độ giống camera K230 cần review contact sheet.
UA-DETRAC Original,MVI_39051,stable,ELEVATED_UNVERIFIED,ROADSIDE_ELEVATED,DOWNWARD,HIGH_AUTOMATIC_ESTIMATE,MANUAL_REVIEW,HIGH,PARTIAL,NOT_VERIFIED,LOW_OR_UNKNOWN,4.4,HIGHLY_RELEVANT,FROM_XML_METADATA_AND_AUTOMATIC_ESTIMATE,PENDING,Độ cao chính xác và độ giống camera K230 cần review contact sheet.
UA-DETRAC Original,MVI_39211,stable,ELEVATED_UNVERIFIED,ROADSIDE_ELEVATED,DOWNWARD,HIGH_AUTOMATIC_ESTIMATE,MANUAL_REVIEW,HIGH,PARTIAL,NOT_VERIFIED,LOW_OR_UNKNOWN,4.4,HIGHLY_RELEVANT,FROM_XML_METADATA_AND_AUTOMATIC_ESTIMATE,PENDING,Độ cao chính xác và độ giống camera K230 cần review contact sheet.
UA-DETRAC Original,MVI_39271,stable,ELEVATED_UNVERIFIED,ROADSIDE_ELEVATED,DOWNWARD,HIGH_AUTOMATIC_ESTIMATE,MANUAL_REVIEW,HIGH,PARTIAL,NOT_VERIFIED,LOW_OR_UNKNOWN,4.4,HIGHLY_RELEVANT,FROM_XML_METADATA_AND_AUTOMATIC_ESTIMATE,PENDING,Độ cao chính xác và độ giống camera K230 cần review contact sheet.
UA-DETRAC Original,MVI_39311,unstable,ELEVATED_UNVERIFIED,ROADSIDE_ELEVATED,DOWNWARD,HIGH_AUTOMATIC_ESTIMATE,MANUAL_REVIEW,MEDIUM,PARTIAL,NOT_VERIFIED,LOW_OR_UNKNOWN,3.9,RELEVANT,FROM_XML_METADATA_AND_AUTOMATIC_ESTIMATE,PENDING,Độ cao chính xác và độ giống camera K230 cần review contact sheet.
UA-DETRAC Original,MVI_39361,unstable,ELEVATED_UNVERIFIED,ROADSIDE_ELEVATED,DOWNWARD,HIGH_AUTOMATIC_ESTIMATE,MANUAL_REVIEW,MEDIUM,PARTIAL,NOT_VERIFIED,LOW_OR_UNKNOWN,3.9,RELEVANT,FROM_XML_METADATA_AND_AUTOMATIC_ESTIMATE,PENDING,Độ cao chính xác và độ giống camera K230 cần review contact sheet.
UA-DETRAC Original,MVI_39371,stable,ELEVATED_UNVERIFIED,ROADSIDE_ELEVATED,DOWNWARD,HIGH_AUTOMATIC_ESTIMATE,MANUAL_REVIEW,HIGH,PARTIAL,NOT_VERIFIED,LOW_OR_UNKNOWN,4.4,HIGHLY_RELEVANT,FROM_XML_METADATA_AND_AUTOMATIC_ESTIMATE,PENDING,Độ cao chính xác và độ giống camera K230 cần review contact sheet.
UA-DETRAC Original,MVI_39401,unstable,ELEVATED_UNVERIFIED,ROADSIDE_ELEVATED,DOWNWARD,HIGH_AUTOMATIC_ESTIMATE,MANUAL_REVIEW,MEDIUM,PARTIAL,NOT_VERIFIED,LOW_OR_UNKNOWN,3.9,RELEVANT,FROM_XML_METADATA_AND_AUTOMATIC_ESTIMATE,PENDING,Độ cao chính xác và độ giống camera K230 cần review contact sheet.
UA-DETRAC Original,MVI_39501,stable,ELEVATED_UNVERIFIED,ROADSIDE_ELEVATED,DOWNWARD,HIGH_AUTOMATIC_ESTIMATE,MANUAL_REVIEW,HIGH,PARTIAL,NOT_VERIFIED,LOW_OR_UNKNOWN,4.4,HIGHLY_RELEVANT,FROM_XML_METADATA_AND_AUTOMATIC_ESTIMATE,PENDING,Độ cao chính xác và độ giống camera K230 cần review contact sheet.
UA-DETRAC Original,MVI_39511,stable,ELEVATED_UNVERIFIED,ROADSIDE_ELEVATED,DOWNWARD,HIGH_AUTOMATIC_ESTIMATE,MANUAL_REVIEW,HIGH,PARTIAL,NOT_VERIFIED,LOW_OR_UNKNOWN,4.4,HIGHLY_RELEVANT,FROM_XML_METADATA_AND_AUTOMATIC_ESTIMATE,PENDING,Độ cao chính xác và độ giống camera K230 cần review contact sheet.
UA-DETRAC Original,MVI_40701,stable,ELEVATED_UNVERIFIED,ROADSIDE_ELEVATED,DOWNWARD,HIGH_AUTOMATIC_ESTIMATE,MANUAL_REVIEW,HIGH,PARTIAL,NOT_VERIFIED,LOW_OR_UNKNOWN,4.4,HIGHLY_RELEVANT,FROM_XML_METADATA_AND_AUTOMATIC_ESTIMATE,PENDING,Độ cao chính xác và độ giống camera K230 cần review contact sheet.
UA-DETRAC Original,MVI_40711,stable,ELEVATED_UNVERIFIED,ROADSIDE_ELEVATED,DOWNWARD,HIGH_AUTOMATIC_ESTIMATE,MANUAL_REVIEW,HIGH,PARTIAL,NOT_VERIFIED,LOW_OR_UNKNOWN,4.4,HIGHLY_RELEVANT,FROM_XML_METADATA_AND_AUTOMATIC_ESTIMATE,PENDING,Độ cao chính xác và độ giống camera K230 cần review contact sheet.
UA-DETRAC Original,MVI_40712,stable,ELEVATED_UNVERIFIED,ROADSIDE_ELEVATED,DOWNWARD,HIGH_AUTOMATIC_ESTIMATE,MANUAL_REVIEW,HIGH,PARTIAL,NOT_VERIFIED,LOW_OR_UNKNOWN,4.4,HIGHLY_RELEVANT,FROM_XML_METADATA_AND_AUTOMATIC_ESTIMATE,PENDING,Độ cao chính xác và độ giống camera K230 cần review contact sheet.
UA-DETRAC Original,MVI_40714,stable,ELEVATED_UNVERIFIED,ROADSIDE_ELEVATED,DOWNWARD,HIGH_AUTOMATIC_ESTIMATE,MANUAL_REVIEW,HIGH,PARTIAL,NOT_VERIFIED,LOW_OR_UNKNOWN,4.4,HIGHLY_RELEVANT,FROM_XML_METADATA_AND_AUTOMATIC_ESTIMATE,PENDING,Độ cao chính xác và độ giống camera K230 cần review contact sheet.
UA-DETRAC Original,MVI_40742,stable,ELEVATED_UNVERIFIED,ROADSIDE_ELEVATED,DOWNWARD,HIGH_AUTOMATIC_ESTIMATE,MANUAL_REVIEW,HIGH,PARTIAL,NOT_VERIFIED,LOW_OR_UNKNOWN,4.4,HIGHLY_RELEVANT,FROM_XML_METADATA_AND_AUTOMATIC_ESTIMATE,PENDING,Độ cao chính xác và độ giống camera K230 cần review contact sheet.
UA-DETRAC Original,MVI_40743,stable,ELEVATED_UNVERIFIED,ROADSIDE_ELEVATED,DOWNWARD,HIGH_AUTOMATIC_ESTIMATE,MANUAL_REVIEW,HIGH,PARTIAL,NOT_VERIFIED,LOW_OR_UNKNOWN,4.4,HIGHLY_RELEVANT,FROM_XML_METADATA_AND_AUTOMATIC_ESTIMATE,PENDING,Độ cao chính xác và độ giống camera K230 cần review contact sheet.
UA-DETRAC Original,MVI_40761,unstable,ELEVATED_UNVERIFIED,ROADSIDE_ELEVATED,DOWNWARD,HIGH_AUTOMATIC_ESTIMATE,MANUAL_REVIEW,MEDIUM,PARTIAL,NOT_VERIFIED,LOW_OR_UNKNOWN,3.9,RELEVANT,FROM_XML_METADATA_AND_AUTOMATIC_ESTIMATE,PENDING,Độ cao chính xác và độ giống camera K230 cần review contact sheet.
UA-DETRAC Original,MVI_40762,unstable,ELEVATED_UNVERIFIED,ROADSIDE_ELEVATED,DOWNWARD,HIGH_AUTOMATIC_ESTIMATE,MANUAL_REVIEW,MEDIUM,PARTIAL,NOT_VERIFIED,LOW_OR_UNKNOWN,3.9,RELEVANT,FROM_XML_METADATA_AND_AUTOMATIC_ESTIMATE,PENDING,Độ cao chính xác và độ giống camera K230 cần review contact sheet.
UA-DETRAC Original,MVI_40763,unstable,ELEVATED_UNVERIFIED,ROADSIDE_ELEVATED,DOWNWARD,HIGH_AUTOMATIC_ESTIMATE,MANUAL_REVIEW,MEDIUM,PARTIAL,NOT_VERIFIED,LOW_OR_UNKNOWN,3.9,RELEVANT,FROM_XML_METADATA_AND_AUTOMATIC_ESTIMATE,PENDING,Độ cao chính xác và độ giống camera K230 cần review contact sheet.
UA-DETRAC Original,MVI_40771,unstable,ELEVATED_UNVERIFIED,ROADSIDE_ELEVATED,DOWNWARD,HIGH_AUTOMATIC_ESTIMATE,MANUAL_REVIEW,MEDIUM,PARTIAL,NOT_VERIFIED,LOW_OR_UNKNOWN,3.9,RELEVANT,FROM_XML_METADATA_AND_AUTOMATIC_ESTIMATE,PENDING,Độ cao chính xác và độ giống camera K230 cần review contact sheet.
UA-DETRAC Original,MVI_40772,stable,ELEVATED_UNVERIFIED,ROADSIDE_ELEVATED,DOWNWARD,HIGH_AUTOMATIC_ESTIMATE,MANUAL_REVIEW,HIGH,PARTIAL,NOT_VERIFIED,LOW_OR_UNKNOWN,4.4,HIGHLY_RELEVANT,FROM_XML_METADATA_AND_AUTOMATIC_ESTIMATE,PENDING,Độ cao chính xác và độ giống camera K230 cần review contact sheet.
UA-DETRAC Original,MVI_40773,stable,ELEVATED_UNVERIFIED,ROADSIDE_ELEVATED,DOWNWARD,HIGH_AUTOMATIC_ESTIMATE,MANUAL_REVIEW,HIGH,PARTIAL,NOT_VERIFIED,LOW_OR_UNKNOWN,4.4,HIGHLY_RELEVANT,FROM_XML_METADATA_AND_AUTOMATIC_ESTIMATE,PENDING,Độ cao chính xác và độ giống camera K230 cần review contact sheet.
UA-DETRAC Original,MVI_40774,stable,ELEVATED_UNVERIFIED,ROADSIDE_ELEVATED,DOWNWARD,HIGH_AUTOMATIC_ESTIMATE,MANUAL_REVIEW,HIGH,PARTIAL,NOT_VERIFIED,LOW_OR_UNKNOWN,4.4,HIGHLY_RELEVANT,FROM_XML_METADATA_AND_AUTOMATIC_ESTIMATE,PENDING,Độ cao chính xác và độ giống camera K230 cần review contact sheet.
UA-DETRAC Original,MVI_40775,stable,ELEVATED_UNVERIFIED,ROADSIDE_ELEVATED,DOWNWARD,HIGH_AUTOMATIC_ESTIMATE,MANUAL_REVIEW,HIGH,PARTIAL,NOT_VERIFIED,LOW_OR_UNKNOWN,4.4,HIGHLY_RELEVANT,FROM_XML_METADATA_AND_AUTOMATIC_ESTIMATE,PENDING,Độ cao chính xác và độ giống camera K230 cần review contact sheet.
UA-DETRAC Original,MVI_40792,stable,ELEVATED_UNVERIFIED,ROADSIDE_ELEVATED,DOWNWARD,HIGH_AUTOMATIC_ESTIMATE,MANUAL_REVIEW,HIGH,PARTIAL,NOT_VERIFIED,LOW_OR_UNKNOWN,4.4,HIGHLY_RELEVANT,FROM_XML_METADATA_AND_AUTOMATIC_ESTIMATE,PENDING,Độ cao chính xác và độ giống camera K230 cần review contact sheet.
UA-DETRAC Original,MVI_40793,stable,ELEVATED_UNVERIFIED,ROADSIDE_ELEVATED,DOWNWARD,HIGH_AUTOMATIC_ESTIMATE,MANUAL_REVIEW,HIGH,PARTIAL,NOT_VERIFIED,LOW_OR_UNKNOWN,4.4,HIGHLY_RELEVANT,FROM_XML_METADATA_AND_AUTOMATIC_ESTIMATE,PENDING,Độ cao chính xác và độ giống camera K230 cần review contact sheet.
UA-DETRAC Original,MVI_40851,stable,ELEVATED_UNVERIFIED,ROADSIDE_ELEVATED,DOWNWARD,HIGH_AUTOMATIC_ESTIMATE,MANUAL_REVIEW,HIGH,PARTIAL,NOT_VERIFIED,LOW_OR_UNKNOWN,4.4,HIGHLY_RELEVANT,FROM_XML_METADATA_AND_AUTOMATIC_ESTIMATE,PENDING,Độ cao chính xác và độ giống camera K230 cần review contact sheet.
UA-DETRAC Original,MVI_40852,stable,ELEVATED_UNVERIFIED,ROADSIDE_ELEVATED,DOWNWARD,HIGH_AUTOMATIC_ESTIMATE,MANUAL_REVIEW,HIGH,PARTIAL,NOT_VERIFIED,LOW_OR_UNKNOWN,4.4,HIGHLY_RELEVANT,FROM_XML_METADATA_AND_AUTOMATIC_ESTIMATE,PENDING,Độ cao chính xác và độ giống camera K230 cần review contact sheet.
UA-DETRAC Original,MVI_40853,stable,ELEVATED_UNVERIFIED,ROADSIDE_ELEVATED,DOWNWARD,HIGH_AUTOMATIC_ESTIMATE,MANUAL_REVIEW,HIGH,PARTIAL,NOT_VERIFIED,LOW_OR_UNKNOWN,4.4,HIGHLY_RELEVANT,FROM_XML_METADATA_AND_AUTOMATIC_ESTIMATE,PENDING,Độ cao chính xác và độ giống camera K230 cần review contact sheet.
UA-DETRAC Original,MVI_40854,stable,ELEVATED_UNVERIFIED,ROADSIDE_ELEVATED,DOWNWARD,HIGH_AUTOMATIC_ESTIMATE,MANUAL_REVIEW,HIGH,PARTIAL,NOT_VERIFIED,LOW_OR_UNKNOWN,4.4,HIGHLY_RELEVANT,FROM_XML_METADATA_AND_AUTOMATIC_ESTIMATE,PENDING,Độ cao chính xác và độ giống camera K230 cần review contact sheet.
UA-DETRAC Original,MVI_40855,stable,ELEVATED_UNVERIFIED,ROADSIDE_ELEVATED,DOWNWARD,HIGH_AUTOMATIC_ESTIMATE,MANUAL_REVIEW,HIGH,PARTIAL,NOT_VERIFIED,LOW_OR_UNKNOWN,4.4,HIGHLY_RELEVANT,FROM_XML_METADATA_AND_AUTOMATIC_ESTIMATE,PENDING,Độ cao chính xác và độ giống camera K230 cần review contact sheet.
UA-DETRAC Original,MVI_40863,stable,ELEVATED_UNVERIFIED,ROADSIDE_ELEVATED,DOWNWARD,HIGH_AUTOMATIC_ESTIMATE,MANUAL_REVIEW,HIGH,PARTIAL,NOT_VERIFIED,HIGH,4.6,HIGHLY_RELEVANT,FROM_XML_METADATA_AND_AUTOMATIC_ESTIMATE,PENDING,Độ cao chính xác và độ giống camera K230 cần review contact sheet.
UA-DETRAC Original,MVI_40864,stable,ELEVATED_UNVERIFIED,ROADSIDE_ELEVATED,DOWNWARD,HIGH_AUTOMATIC_ESTIMATE,MANUAL_REVIEW,HIGH,PARTIAL,NOT_VERIFIED,HIGH,4.6,HIGHLY_RELEVANT,FROM_XML_METADATA_AND_AUTOMATIC_ESTIMATE,PENDING,Độ cao chính xác và độ giống camera K230 cần review contact sheet.
UA-DETRAC Original,MVI_40891,stable,ELEVATED_UNVERIFIED,ROADSIDE_ELEVATED,DOWNWARD,HIGH_AUTOMATIC_ESTIMATE,MANUAL_REVIEW,HIGH,PARTIAL,NOT_VERIFIED,HIGH,4.6,HIGHLY_RELEVANT,FROM_XML_METADATA_AND_AUTOMATIC_ESTIMATE,PENDING,Độ cao chính xác và độ giống camera K230 cần review contact sheet.
UA-DETRAC Original,MVI_40892,stable,ELEVATED_UNVERIFIED,ROADSIDE_ELEVATED,DOWNWARD,HIGH_AUTOMATIC_ESTIMATE,MANUAL_REVIEW,HIGH,PARTIAL,NOT_VERIFIED,HIGH,4.6,HIGHLY_RELEVANT,FROM_XML_METADATA_AND_AUTOMATIC_ESTIMATE,PENDING,Độ cao chính xác và độ giống camera K230 cần review contact sheet.
UA-DETRAC Original,MVI_40901,stable,ELEVATED_UNVERIFIED,ROADSIDE_ELEVATED,DOWNWARD,HIGH_AUTOMATIC_ESTIMATE,MANUAL_REVIEW,HIGH,PARTIAL,NOT_VERIFIED,HIGH,4.6,HIGHLY_RELEVANT,FROM_XML_METADATA_AND_AUTOMATIC_ESTIMATE,PENDING,Độ cao chính xác và độ giống camera K230 cần review contact sheet.
UA-DETRAC Original,MVI_40902,stable,ELEVATED_UNVERIFIED,ROADSIDE_ELEVATED,DOWNWARD,HIGH_AUTOMATIC_ESTIMATE,MANUAL_REVIEW,HIGH,PARTIAL,NOT_VERIFIED,HIGH,4.6,HIGHLY_RELEVANT,FROM_XML_METADATA_AND_AUTOMATIC_ESTIMATE,PENDING,Độ cao chính xác và độ giống camera K230 cần review contact sheet.
UA-DETRAC Original,MVI_40903,unstable,ELEVATED_UNVERIFIED,ROADSIDE_ELEVATED,DOWNWARD,HIGH_AUTOMATIC_ESTIMATE,MANUAL_REVIEW,MEDIUM,PARTIAL,NOT_VERIFIED,HIGH,4.1,RELEVANT,FROM_XML_METADATA_AND_AUTOMATIC_ESTIMATE,PENDING,Độ cao chính xác và độ giống camera K230 cần review contact sheet.
UA-DETRAC Original,MVI_40904,stable,ELEVATED_UNVERIFIED,ROADSIDE_ELEVATED,DOWNWARD,HIGH_AUTOMATIC_ESTIMATE,MANUAL_REVIEW,HIGH,PARTIAL,NOT_VERIFIED,HIGH,4.6,HIGHLY_RELEVANT,FROM_XML_METADATA_AND_AUTOMATIC_ESTIMATE,PENDING,Độ cao chính xác và độ giống camera K230 cần review contact sheet.
UA-DETRAC Original,MVI_40905,stable,ELEVATED_UNVERIFIED,ROADSIDE_ELEVATED,DOWNWARD,HIGH_AUTOMATIC_ESTIMATE,MANUAL_REVIEW,HIGH,PARTIAL,NOT_VERIFIED,HIGH,4.6,HIGHLY_RELEVANT,FROM_XML_METADATA_AND_AUTOMATIC_ESTIMATE,PENDING,Độ cao chính xác và độ giống camera K230 cần review contact sheet.
UA-DETRAC Original,MVI_20011,unstable,ELEVATED_UNVERIFIED,ROADSIDE_ELEVATED,DOWNWARD,HIGH_AUTOMATIC_ESTIMATE,MANUAL_REVIEW,MEDIUM,PARTIAL,NOT_VERIFIED,LOW_OR_UNKNOWN,3.9,RELEVANT,FROM_XML_METADATA_AND_AUTOMATIC_ESTIMATE,PENDING,Độ cao chính xác và độ giống camera K230 cần review contact sheet.
UA-DETRAC Original,MVI_20012,unstable,ELEVATED_UNVERIFIED,ROADSIDE_ELEVATED,DOWNWARD,HIGH_AUTOMATIC_ESTIMATE,MANUAL_REVIEW,MEDIUM,PARTIAL,NOT_VERIFIED,LOW_OR_UNKNOWN,3.9,RELEVANT,FROM_XML_METADATA_AND_AUTOMATIC_ESTIMATE,PENDING,Độ cao chính xác và độ giống camera K230 cần review contact sheet.
UA-DETRAC Original,MVI_20032,unstable,ELEVATED_UNVERIFIED,ROADSIDE_ELEVATED,DOWNWARD,HIGH_AUTOMATIC_ESTIMATE,MANUAL_REVIEW,MEDIUM,PARTIAL,NOT_VERIFIED,LOW_OR_UNKNOWN,3.9,RELEVANT,FROM_XML_METADATA_AND_AUTOMATIC_ESTIMATE,PENDING,Độ cao chính xác và độ giống camera K230 cần review contact sheet.
UA-DETRAC Original,MVI_20033,unstable,ELEVATED_UNVERIFIED,ROADSIDE_ELEVATED,DOWNWARD,HIGH_AUTOMATIC_ESTIMATE,MANUAL_REVIEW,MEDIUM,PARTIAL,NOT_VERIFIED,LOW_OR_UNKNOWN,3.9,RELEVANT,FROM_XML_METADATA_AND_AUTOMATIC_ESTIMATE,PENDING,Độ cao chính xác và độ giống camera K230 cần review contact sheet.
UA-DETRAC Original,MVI_20034,unstable,ELEVATED_UNVERIFIED,ROADSIDE_ELEVATED,DOWNWARD,HIGH_AUTOMATIC_ESTIMATE,MANUAL_REVIEW,MEDIUM,PARTIAL,NOT_VERIFIED,LOW_OR_UNKNOWN,3.9,RELEVANT,FROM_XML_METADATA_AND_AUTOMATIC_ESTIMATE,PENDING,Độ cao chính xác và độ giống camera K230 cần review contact sheet.
UA-DETRAC Original,MVI_20035,unstable,ELEVATED_UNVERIFIED,ROADSIDE_ELEVATED,DOWNWARD,HIGH_AUTOMATIC_ESTIMATE,MANUAL_REVIEW,MEDIUM,PARTIAL,NOT_VERIFIED,LOW_OR_UNKNOWN,3.9,RELEVANT,FROM_XML_METADATA_AND_AUTOMATIC_ESTIMATE,PENDING,Độ cao chính xác và độ giống camera K230 cần review contact sheet.
UA-DETRAC Original,MVI_20051,unstable,ELEVATED_UNVERIFIED,ROADSIDE_ELEVATED,DOWNWARD,HIGH_AUTOMATIC_ESTIMATE,MANUAL_REVIEW,MEDIUM,PARTIAL,NOT_VERIFIED,LOW_OR_UNKNOWN,3.9,RELEVANT,FROM_XML_METADATA_AND_AUTOMATIC_ESTIMATE,PENDING,Độ cao chính xác và độ giống camera K230 cần review contact sheet.
UA-DETRAC Original,MVI_20052,unstable,ELEVATED_UNVERIFIED,ROADSIDE_ELEVATED,DOWNWARD,HIGH_AUTOMATIC_ESTIMATE,MANUAL_REVIEW,MEDIUM,PARTIAL,NOT_VERIFIED,LOW_OR_UNKNOWN,3.9,RELEVANT,FROM_XML_METADATA_AND_AUTOMATIC_ESTIMATE,PENDING,Độ cao chính xác và độ giống camera K230 cần review contact sheet.
UA-DETRAC Original,MVI_20061,unstable,ELEVATED_UNVERIFIED,ROADSIDE_ELEVATED,DOWNWARD,HIGH_AUTOMATIC_ESTIMATE,MANUAL_REVIEW,MEDIUM,PARTIAL,NOT_VERIFIED,LOW_OR_UNKNOWN,3.9,RELEVANT,FROM_XML_METADATA_AND_AUTOMATIC_ESTIMATE,PENDING,Độ cao chính xác và độ giống camera K230 cần review contact sheet.
UA-DETRAC Original,MVI_20062,unstable,ELEVATED_UNVERIFIED,ROADSIDE_ELEVATED,DOWNWARD,HIGH_AUTOMATIC_ESTIMATE,MANUAL_REVIEW,MEDIUM,PARTIAL,NOT_VERIFIED,LOW_OR_UNKNOWN,3.9,RELEVANT,FROM_XML_METADATA_AND_AUTOMATIC_ESTIMATE,PENDING,Độ cao chính xác và độ giống camera K230 cần review contact sheet.
UA-DETRAC Original,MVI_20063,unstable,ELEVATED_UNVERIFIED,ROADSIDE_ELEVATED,DOWNWARD,HIGH_AUTOMATIC_ESTIMATE,MANUAL_REVIEW,MEDIUM,PARTIAL,NOT_VERIFIED,LOW_OR_UNKNOWN,3.9,RELEVANT,FROM_XML_METADATA_AND_AUTOMATIC_ESTIMATE,PENDING,Độ cao chính xác và độ giống camera K230 cần review contact sheet.
UA-DETRAC Original,MVI_20064,unstable,ELEVATED_UNVERIFIED,ROADSIDE_ELEVATED,DOWNWARD,HIGH_AUTOMATIC_ESTIMATE,MANUAL_REVIEW,MEDIUM,PARTIAL,NOT_VERIFIED,LOW_OR_UNKNOWN,3.9,RELEVANT,FROM_XML_METADATA_AND_AUTOMATIC_ESTIMATE,PENDING,Độ cao chính xác và độ giống camera K230 cần review contact sheet.
UA-DETRAC Original,MVI_20065,unstable,ELEVATED_UNVERIFIED,ROADSIDE_ELEVATED,DOWNWARD,HIGH_AUTOMATIC_ESTIMATE,MANUAL_REVIEW,MEDIUM,PARTIAL,NOT_VERIFIED,LOW_OR_UNKNOWN,3.9,RELEVANT,FROM_XML_METADATA_AND_AUTOMATIC_ESTIMATE,PENDING,Độ cao chính xác và độ giống camera K230 cần review contact sheet.
UA-DETRAC Original,MVI_39761,stable,ELEVATED_UNVERIFIED,ROADSIDE_ELEVATED,DOWNWARD,HIGH_AUTOMATIC_ESTIMATE,MANUAL_REVIEW,HIGH,PARTIAL,NOT_VERIFIED,LOW_OR_UNKNOWN,4.4,HIGHLY_RELEVANT,FROM_XML_METADATA_AND_AUTOMATIC_ESTIMATE,PENDING,Độ cao chính xác và độ giống camera K230 cần review contact sheet.
UA-DETRAC Original,MVI_39771,stable,ELEVATED_UNVERIFIED,ROADSIDE_ELEVATED,DOWNWARD,HIGH_AUTOMATIC_ESTIMATE,MANUAL_REVIEW,HIGH,PARTIAL,NOT_VERIFIED,LOW_OR_UNKNOWN,4.4,HIGHLY_RELEVANT,FROM_XML_METADATA_AND_AUTOMATIC_ESTIMATE,PENDING,Độ cao chính xác và độ giống camera K230 cần review contact sheet.
UA-DETRAC Original,MVI_39781,stable,ELEVATED_UNVERIFIED,ROADSIDE_ELEVATED,DOWNWARD,HIGH_AUTOMATIC_ESTIMATE,MANUAL_REVIEW,HIGH,PARTIAL,NOT_VERIFIED,LOW_OR_UNKNOWN,4.4,HIGHLY_RELEVANT,FROM_XML_METADATA_AND_AUTOMATIC_ESTIMATE,PENDING,Độ cao chính xác và độ giống camera K230 cần review contact sheet.
UA-DETRAC Original,MVI_39801,unstable,ELEVATED_UNVERIFIED,ROADSIDE_ELEVATED,DOWNWARD,HIGH_AUTOMATIC_ESTIMATE,MANUAL_REVIEW,MEDIUM,PARTIAL,NOT_VERIFIED,LOW_OR_UNKNOWN,3.9,RELEVANT,FROM_XML_METADATA_AND_AUTOMATIC_ESTIMATE,PENDING,Độ cao chính xác và độ giống camera K230 cần review contact sheet.
UA-DETRAC Original,MVI_39811,unstable,ELEVATED_UNVERIFIED,ROADSIDE_ELEVATED,DOWNWARD,HIGH_AUTOMATIC_ESTIMATE,MANUAL_REVIEW,MEDIUM,PARTIAL,NOT_VERIFIED,LOW_OR_UNKNOWN,3.9,RELEVANT,FROM_XML_METADATA_AND_AUTOMATIC_ESTIMATE,PENDING,Độ cao chính xác và độ giống camera K230 cần review contact sheet.
UA-DETRAC Original,MVI_39821,unstable,ELEVATED_UNVERIFIED,ROADSIDE_ELEVATED,DOWNWARD,HIGH_AUTOMATIC_ESTIMATE,MANUAL_REVIEW,MEDIUM,PARTIAL,NOT_VERIFIED,LOW_OR_UNKNOWN,3.9,RELEVANT,FROM_XML_METADATA_AND_AUTOMATIC_ESTIMATE,PENDING,Độ cao chính xác và độ giống camera K230 cần review contact sheet.
UA-DETRAC Original,MVI_39851,unstable,ELEVATED_UNVERIFIED,ROADSIDE_ELEVATED,DOWNWARD,HIGH_AUTOMATIC_ESTIMATE,MANUAL_REVIEW,MEDIUM,PARTIAL,NOT_VERIFIED,LOW_OR_UNKNOWN,3.9,RELEVANT,FROM_XML_METADATA_AND_AUTOMATIC_ESTIMATE,PENDING,Độ cao chính xác và độ giống camera K230 cần review contact sheet.
UA-DETRAC Original,MVI_39861,unstable,ELEVATED_UNVERIFIED,ROADSIDE_ELEVATED,DOWNWARD,HIGH_AUTOMATIC_ESTIMATE,MANUAL_REVIEW,MEDIUM,PARTIAL,NOT_VERIFIED,LOW_OR_UNKNOWN,3.9,RELEVANT,FROM_XML_METADATA_AND_AUTOMATIC_ESTIMATE,PENDING,Độ cao chính xác và độ giống camera K230 cần review contact sheet.
UA-DETRAC Original,MVI_39931,unstable,ELEVATED_UNVERIFIED,ROADSIDE_ELEVATED,DOWNWARD,HIGH_AUTOMATIC_ESTIMATE,MANUAL_REVIEW,MEDIUM,PARTIAL,NOT_VERIFIED,LOW_OR_UNKNOWN,3.9,RELEVANT,FROM_XML_METADATA_AND_AUTOMATIC_ESTIMATE,PENDING,Độ cao chính xác và độ giống camera K230 cần review contact sheet.
UA-DETRAC Original,MVI_40131,unstable,ELEVATED_UNVERIFIED,ROADSIDE_ELEVATED,DOWNWARD,HIGH_AUTOMATIC_ESTIMATE,MANUAL_REVIEW,MEDIUM,PARTIAL,NOT_VERIFIED,LOW_OR_UNKNOWN,3.9,RELEVANT,FROM_XML_METADATA_AND_AUTOMATIC_ESTIMATE,PENDING,Độ cao chính xác và độ giống camera K230 cần review contact sheet.
UA-DETRAC Original,MVI_40141,stable,ELEVATED_UNVERIFIED,ROADSIDE_ELEVATED,DOWNWARD,HIGH_AUTOMATIC_ESTIMATE,MANUAL_REVIEW,HIGH,PARTIAL,NOT_VERIFIED,LOW_OR_UNKNOWN,4.4,HIGHLY_RELEVANT,FROM_XML_METADATA_AND_AUTOMATIC_ESTIMATE,PENDING,Độ cao chính xác và độ giống camera K230 cần review contact sheet.
UA-DETRAC Original,MVI_40152,unstable,ELEVATED_UNVERIFIED,ROADSIDE_ELEVATED,DOWNWARD,HIGH_AUTOMATIC_ESTIMATE,MANUAL_REVIEW,MEDIUM,PARTIAL,NOT_VERIFIED,LOW_OR_UNKNOWN,3.9,RELEVANT,FROM_XML_METADATA_AND_AUTOMATIC_ESTIMATE,PENDING,Độ cao chính xác và độ giống camera K230 cần review contact sheet.
UA-DETRAC Original,MVI_40161,unstable,ELEVATED_UNVERIFIED,ROADSIDE_ELEVATED,DOWNWARD,HIGH_AUTOMATIC_ESTIMATE,MANUAL_REVIEW,MEDIUM,PARTIAL,NOT_VERIFIED,LOW_OR_UNKNOWN,3.9,RELEVANT,FROM_XML_METADATA_AND_AUTOMATIC_ESTIMATE,PENDING,Độ cao chính xác và độ giống camera K230 cần review contact sheet.
UA-DETRAC Original,MVI_40162,unstable,ELEVATED_UNVERIFIED,ROADSIDE_ELEVATED,DOWNWARD,HIGH_AUTOMATIC_ESTIMATE,MANUAL_REVIEW,MEDIUM,PARTIAL,NOT_VERIFIED,LOW_OR_UNKNOWN,3.9,RELEVANT,FROM_XML_METADATA_AND_AUTOMATIC_ESTIMATE,PENDING,Độ cao chính xác và độ giống camera K230 cần review contact sheet.
UA-DETRAC Original,MVI_40171,unstable,ELEVATED_UNVERIFIED,ROADSIDE_ELEVATED,DOWNWARD,HIGH_AUTOMATIC_ESTIMATE,MANUAL_REVIEW,MEDIUM,PARTIAL,NOT_VERIFIED,LOW_OR_UNKNOWN,3.9,RELEVANT,FROM_XML_METADATA_AND_AUTOMATIC_ESTIMATE,PENDING,Độ cao chính xác và độ giống camera K230 cần review contact sheet.
UA-DETRAC Original,MVI_40172,unstable,ELEVATED_UNVERIFIED,ROADSIDE_ELEVATED,DOWNWARD,HIGH_AUTOMATIC_ESTIMATE,MANUAL_REVIEW,MEDIUM,PARTIAL,NOT_VERIFIED,LOW_OR_UNKNOWN,3.9,RELEVANT,FROM_XML_METADATA_AND_AUTOMATIC_ESTIMATE,PENDING,Độ cao chính xác và độ giống camera K230 cần review contact sheet.
UA-DETRAC Original,MVI_40181,stable,ELEVATED_UNVERIFIED,ROADSIDE_ELEVATED,DOWNWARD,HIGH_AUTOMATIC_ESTIMATE,MANUAL_REVIEW,HIGH,PARTIAL,NOT_VERIFIED,LOW_OR_UNKNOWN,4.4,HIGHLY_RELEVANT,FROM_XML_METADATA_AND_AUTOMATIC_ESTIMATE,PENDING,Độ cao chính xác và độ giống camera K230 cần review contact sheet.
UA-DETRAC Original,MVI_40191,unstable,ELEVATED_UNVERIFIED,ROADSIDE_ELEVATED,DOWNWARD,HIGH_AUTOMATIC_ESTIMATE,MANUAL_REVIEW,MEDIUM,PARTIAL,NOT_VERIFIED,LOW_OR_UNKNOWN,3.9,RELEVANT,FROM_XML_METADATA_AND_AUTOMATIC_ESTIMATE,PENDING,Độ cao chính xác và độ giống camera K230 cần review contact sheet.
UA-DETRAC Original,MVI_40192,unstable,ELEVATED_UNVERIFIED,ROADSIDE_ELEVATED,DOWNWARD,HIGH_AUTOMATIC_ESTIMATE,MANUAL_REVIEW,MEDIUM,PARTIAL,NOT_VERIFIED,LOW_OR_UNKNOWN,3.9,RELEVANT,FROM_XML_METADATA_AND_AUTOMATIC_ESTIMATE,PENDING,Độ cao chính xác và độ giống camera K230 cần review contact sheet.
UA-DETRAC Original,MVI_40201,stable,ELEVATED_UNVERIFIED,ROADSIDE_ELEVATED,DOWNWARD,HIGH_AUTOMATIC_ESTIMATE,MANUAL_REVIEW,HIGH,PARTIAL,NOT_VERIFIED,LOW_OR_UNKNOWN,4.4,HIGHLY_RELEVANT,FROM_XML_METADATA_AND_AUTOMATIC_ESTIMATE,PENDING,Độ cao chính xác và độ giống camera K230 cần review contact sheet.
UA-DETRAC Original,MVI_40204,stable,ELEVATED_UNVERIFIED,ROADSIDE_ELEVATED,DOWNWARD,HIGH_AUTOMATIC_ESTIMATE,MANUAL_REVIEW,HIGH,PARTIAL,NOT_VERIFIED,LOW_OR_UNKNOWN,4.4,HIGHLY_RELEVANT,FROM_XML_METADATA_AND_AUTOMATIC_ESTIMATE,PENDING,Độ cao chính xác và độ giống camera K230 cần review contact sheet.
UA-DETRAC Original,MVI_40211,unstable,ELEVATED_UNVERIFIED,ROADSIDE_ELEVATED,DOWNWARD,HIGH_AUTOMATIC_ESTIMATE,MANUAL_REVIEW,MEDIUM,PARTIAL,NOT_VERIFIED,LOW_OR_UNKNOWN,3.9,RELEVANT,FROM_XML_METADATA_AND_AUTOMATIC_ESTIMATE,PENDING,Độ cao chính xác và độ giống camera K230 cần review contact sheet.
UA-DETRAC Original,MVI_40212,unstable,ELEVATED_UNVERIFIED,ROADSIDE_ELEVATED,DOWNWARD,HIGH_AUTOMATIC_ESTIMATE,MANUAL_REVIEW,MEDIUM,PARTIAL,NOT_VERIFIED,LOW_OR_UNKNOWN,3.9,RELEVANT,FROM_XML_METADATA_AND_AUTOMATIC_ESTIMATE,PENDING,Độ cao chính xác và độ giống camera K230 cần review contact sheet.
UA-DETRAC Original,MVI_40213,unstable,ELEVATED_UNVERIFIED,ROADSIDE_ELEVATED,DOWNWARD,HIGH_AUTOMATIC_ESTIMATE,MANUAL_REVIEW,MEDIUM,PARTIAL,NOT_VERIFIED,LOW_OR_UNKNOWN,3.9,RELEVANT,FROM_XML_METADATA_AND_AUTOMATIC_ESTIMATE,PENDING,Độ cao chính xác và độ giống camera K230 cần review contact sheet.
UA-DETRAC Original,MVI_40241,stable,ELEVATED_UNVERIFIED,ROADSIDE_ELEVATED,DOWNWARD,HIGH_AUTOMATIC_ESTIMATE,MANUAL_REVIEW,HIGH,PARTIAL,NOT_VERIFIED,LOW_OR_UNKNOWN,4.4,HIGHLY_RELEVANT,FROM_XML_METADATA_AND_AUTOMATIC_ESTIMATE,PENDING,Độ cao chính xác và độ giống camera K230 cần review contact sheet.
UA-DETRAC Original,MVI_40243,stable,ELEVATED_UNVERIFIED,ROADSIDE_ELEVATED,DOWNWARD,HIGH_AUTOMATIC_ESTIMATE,MANUAL_REVIEW,HIGH,PARTIAL,NOT_VERIFIED,LOW_OR_UNKNOWN,4.4,HIGHLY_RELEVANT,FROM_XML_METADATA_AND_AUTOMATIC_ESTIMATE,PENDING,Độ cao chính xác và độ giống camera K230 cần review contact sheet.
UA-DETRAC Original,MVI_40244,stable,ELEVATED_UNVERIFIED,ROADSIDE_ELEVATED,DOWNWARD,HIGH_AUTOMATIC_ESTIMATE,MANUAL_REVIEW,HIGH,PARTIAL,NOT_VERIFIED,LOW_OR_UNKNOWN,4.4,HIGHLY_RELEVANT,FROM_XML_METADATA_AND_AUTOMATIC_ESTIMATE,PENDING,Độ cao chính xác và độ giống camera K230 cần review contact sheet.
UA-DETRAC Original,MVI_40732,stable,ELEVATED_UNVERIFIED,ROADSIDE_ELEVATED,DOWNWARD,HIGH_AUTOMATIC_ESTIMATE,MANUAL_REVIEW,HIGH,PARTIAL,NOT_VERIFIED,LOW_OR_UNKNOWN,4.4,HIGHLY_RELEVANT,FROM_XML_METADATA_AND_AUTOMATIC_ESTIMATE,PENDING,Độ cao chính xác và độ giống camera K230 cần review contact sheet.
UA-DETRAC Original,MVI_40751,stable,ELEVATED_UNVERIFIED,ROADSIDE_ELEVATED,DOWNWARD,HIGH_AUTOMATIC_ESTIMATE,MANUAL_REVIEW,HIGH,PARTIAL,NOT_VERIFIED,LOW_OR_UNKNOWN,4.4,HIGHLY_RELEVANT,FROM_XML_METADATA_AND_AUTOMATIC_ESTIMATE,PENDING,Độ cao chính xác và độ giống camera K230 cần review contact sheet.
UA-DETRAC Original,MVI_40752,stable,ELEVATED_UNVERIFIED,ROADSIDE_ELEVATED,DOWNWARD,HIGH_AUTOMATIC_ESTIMATE,MANUAL_REVIEW,HIGH,PARTIAL,NOT_VERIFIED,LOW_OR_UNKNOWN,4.4,HIGHLY_RELEVANT,FROM_XML_METADATA_AND_AUTOMATIC_ESTIMATE,PENDING,Độ cao chính xác và độ giống camera K230 cần review contact sheet.
UA-DETRAC Original,MVI_40871,unstable,ELEVATED_UNVERIFIED,ROADSIDE_ELEVATED,DOWNWARD,HIGH_AUTOMATIC_ESTIMATE,MANUAL_REVIEW,MEDIUM,PARTIAL,NOT_VERIFIED,HIGH,4.1,RELEVANT,FROM_XML_METADATA_AND_AUTOMATIC_ESTIMATE,PENDING,Độ cao chính xác và độ giống camera K230 cần review contact sheet.
UA-DETRAC Original,MVI_40962,stable,ELEVATED_UNVERIFIED,ROADSIDE_ELEVATED,DOWNWARD,HIGH_AUTOMATIC_ESTIMATE,MANUAL_REVIEW,HIGH,PARTIAL,NOT_VERIFIED,LOW_OR_UNKNOWN,4.4,HIGHLY_RELEVANT,FROM_XML_METADATA_AND_AUTOMATIC_ESTIMATE,PENDING,Độ cao chính xác và độ giống camera K230 cần review contact sheet.
UA-DETRAC Original,MVI_40963,stable,ELEVATED_UNVERIFIED,ROADSIDE_ELEVATED,DOWNWARD,HIGH_AUTOMATIC_ESTIMATE,MANUAL_REVIEW,HIGH,PARTIAL,NOT_VERIFIED,LOW_OR_UNKNOWN,4.4,HIGHLY_RELEVANT,FROM_XML_METADATA_AND_AUTOMATIC_ESTIMATE,PENDING,Độ cao chính xác và độ giống camera K230 cần review contact sheet.
UA-DETRAC Original,MVI_40981,stable,ELEVATED_UNVERIFIED,ROADSIDE_ELEVATED,DOWNWARD,HIGH_AUTOMATIC_ESTIMATE,MANUAL_REVIEW,HIGH,PARTIAL,NOT_VERIFIED,LOW_OR_UNKNOWN,4.4,HIGHLY_RELEVANT,FROM_XML_METADATA_AND_AUTOMATIC_ESTIMATE,PENDING,Độ cao chính xác và độ giống camera K230 cần review contact sheet.
UA-DETRAC Original,MVI_40991,unstable,ELEVATED_UNVERIFIED,ROADSIDE_ELEVATED,DOWNWARD,HIGH_AUTOMATIC_ESTIMATE,MANUAL_REVIEW,MEDIUM,PARTIAL,NOT_VERIFIED,LOW_OR_UNKNOWN,3.9,RELEVANT,FROM_XML_METADATA_AND_AUTOMATIC_ESTIMATE,PENDING,Độ cao chính xác và độ giống camera K230 cần review contact sheet.
UA-DETRAC Original,MVI_40992,stable,ELEVATED_UNVERIFIED,ROADSIDE_ELEVATED,DOWNWARD,HIGH_AUTOMATIC_ESTIMATE,MANUAL_REVIEW,HIGH,PARTIAL,NOT_VERIFIED,LOW_OR_UNKNOWN,4.4,HIGHLY_RELEVANT,FROM_XML_METADATA_AND_AUTOMATIC_ESTIMATE,PENDING,Độ cao chính xác và độ giống camera K230 cần review contact sheet.
UA-DETRAC Original,MVI_41063,stable,ELEVATED_UNVERIFIED,ROADSIDE_ELEVATED,DOWNWARD,HIGH_AUTOMATIC_ESTIMATE,MANUAL_REVIEW,HIGH,PARTIAL,NOT_VERIFIED,LOW_OR_UNKNOWN,4.4,HIGHLY_RELEVANT,FROM_XML_METADATA_AND_AUTOMATIC_ESTIMATE,PENDING,Độ cao chính xác và độ giống camera K230 cần review contact sheet.
UA-DETRAC Original,MVI_41073,stable,ELEVATED_UNVERIFIED,ROADSIDE_ELEVATED,DOWNWARD,HIGH_AUTOMATIC_ESTIMATE,MANUAL_REVIEW,HIGH,PARTIAL,NOT_VERIFIED,LOW_OR_UNKNOWN,4.4,HIGHLY_RELEVANT,FROM_XML_METADATA_AND_AUTOMATIC_ESTIMATE,PENDING,Độ cao chính xác và độ giống camera K230 cần review contact sheet.
UA-DETRAC Original,MVI_63521,stable,ELEVATED_UNVERIFIED,ROADSIDE_ELEVATED,DOWNWARD,HIGH_AUTOMATIC_ESTIMATE,MANUAL_REVIEW,HIGH,PARTIAL,NOT_VERIFIED,HIGH,4.6,HIGHLY_RELEVANT,FROM_XML_METADATA_AND_AUTOMATIC_ESTIMATE,PENDING,Độ cao chính xác và độ giống camera K230 cần review contact sheet.
UA-DETRAC Original,MVI_63525,stable,ELEVATED_UNVERIFIED,ROADSIDE_ELEVATED,DOWNWARD,HIGH_AUTOMATIC_ESTIMATE,MANUAL_REVIEW,HIGH,PARTIAL,NOT_VERIFIED,HIGH,4.6,HIGHLY_RELEVANT,FROM_XML_METADATA_AND_AUTOMATIC_ESTIMATE,PENDING,Độ cao chính xác và độ giống camera K230 cần review contact sheet.
UA-DETRAC Original,MVI_63544,stable,ELEVATED_UNVERIFIED,ROADSIDE_ELEVATED,DOWNWARD,HIGH_AUTOMATIC_ESTIMATE,MANUAL_REVIEW,HIGH,PARTIAL,NOT_VERIFIED,HIGH,4.6,HIGHLY_RELEVANT,FROM_XML_METADATA_AND_AUTOMATIC_ESTIMATE,PENDING,Độ cao chính xác và độ giống camera K230 cần review contact sheet.
UA-DETRAC Original,MVI_63552,unstable,ELEVATED_UNVERIFIED,ROADSIDE_ELEVATED,DOWNWARD,HIGH_AUTOMATIC_ESTIMATE,MANUAL_REVIEW,MEDIUM,PARTIAL,NOT_VERIFIED,HIGH,4.1,RELEVANT,FROM_XML_METADATA_AND_AUTOMATIC_ESTIMATE,PENDING,Độ cao chính xác và độ giống camera K230 cần review contact sheet.
UA-DETRAC Original,MVI_63553,unstable,ELEVATED_UNVERIFIED,ROADSIDE_ELEVATED,DOWNWARD,HIGH_AUTOMATIC_ESTIMATE,MANUAL_REVIEW,MEDIUM,PARTIAL,NOT_VERIFIED,HIGH,4.1,RELEVANT,FROM_XML_METADATA_AND_AUTOMATIC_ESTIMATE,PENDING,Độ cao chính xác và độ giống camera K230 cần review contact sheet.
UA-DETRAC Original,MVI_63554,unstable,ELEVATED_UNVERIFIED,ROADSIDE_ELEVATED,DOWNWARD,HIGH_AUTOMATIC_ESTIMATE,MANUAL_REVIEW,MEDIUM,PARTIAL,NOT_VERIFIED,HIGH,4.1,RELEVANT,FROM_XML_METADATA_AND_AUTOMATIC_ESTIMATE,PENDING,Độ cao chính xác và độ giống camera K230 cần review contact sheet.
UA-DETRAC Original,MVI_63561,unstable,ELEVATED_UNVERIFIED,ROADSIDE_ELEVATED,DOWNWARD,HIGH_AUTOMATIC_ESTIMATE,MANUAL_REVIEW,MEDIUM,PARTIAL,NOT_VERIFIED,HIGH,4.1,RELEVANT,FROM_XML_METADATA_AND_AUTOMATIC_ESTIMATE,PENDING,Độ cao chính xác và độ giống camera K230 cần review contact sheet.
UA-DETRAC Original,MVI_63562,unstable,ELEVATED_UNVERIFIED,ROADSIDE_ELEVATED,DOWNWARD,HIGH_AUTOMATIC_ESTIMATE,MANUAL_REVIEW,MEDIUM,PARTIAL,NOT_VERIFIED,HIGH,4.1,RELEVANT,FROM_XML_METADATA_AND_AUTOMATIC_ESTIMATE,PENDING,Độ cao chính xác và độ giống camera K230 cần review contact sheet.
UA-DETRAC Original,MVI_63563,unstable,ELEVATED_UNVERIFIED,ROADSIDE_ELEVATED,DOWNWARD,HIGH_AUTOMATIC_ESTIMATE,MANUAL_REVIEW,MEDIUM,PARTIAL,NOT_VERIFIED,HIGH,4.1,RELEVANT,FROM_XML_METADATA_AND_AUTOMATIC_ESTIMATE,PENDING,Độ cao chính xác và độ giống camera K230 cần review contact sheet.
RADIATE,NOT_ANALYZED,EGO_VEHICLE,VEHICLE_MOUNTED,FORWARD,FRONTAL,FORWARD_ONLY,LOW,LOW,LOW,NOT_ANALYZED,NOT_ANALYZED,1.0,EXCLUDED,PROJECT_SELECTION_POLICY,EXCLUDED_VIEWPOINT_MISMATCH,Góc camera phía trước phương tiện không phù hợp camera cố định trên cao; không chạy EDA.
